sample_id,bme688_gas_response_norm,mq135_response_norm,mq7_response_norm,temperature_c,humidity_pct,pressure_hpa,pattern_label
PD_217,0.76409,0.26973,0.56049,24.23,60.27,1008.12,Pattern_D
U_169,0.42961,0.55248,0.50003,25.43,53.3,1008.19,Unknown
PB_123,0.69346,0.42946,0.7495,24.97,53.1,1005.08,Pattern_B
PB_114,0.72192,0.4018,0.86899,24.1,55.48,1007.94,Pattern_B
PB_152,0.70202,0.234,0.77814,24.45,54.89,1009.27,Pattern_B
PC_262,0.41608,0.52853,0.34098,27.0,46.6,1014.83,Pattern_C
PD_164,0.79779,0.29626,0.55658,23.4,63.6,1002.89,Pattern_D
PC_142,0.54333,0.60126,0.36402,26.0,43.31,1014.56,Pattern_C
U_073,0.45902,0.43869,0.5576,25.48,55.95,1011.19,Unknown
PA_260,0.22432,0.67916,0.33628,25.35,51.78,1011.74,Pattern_A
PC_289,0.54896,0.63632,0.30326,26.18,45.67,1018.04,Pattern_C
U_233,0.48431,0.45682,0.49151,25.42,52.05,1010.97,Unknown
PC_113,0.5417,0.71987,0.30362,25.83,46.69,1014.57,Pattern_C
U_183,0.45701,0.48161,0.5364,25.11,51.84,1009.52,Unknown
PA_071,0.30507,0.66557,0.34434,24.33,48.05,1011.36,Pattern_A
U_069,0.58163,0.46888,0.49512,25.32,54.6,1009.06,Unknown
U_292,0.35746,0.44608,0.47497,26.02,54.86,1011.72,Unknown
PC_008,0.51503,0.55792,0.26356,25.34,48.13,1014.29,Pattern_C
PB_134,0.57474,0.48749,0.72737,25.14,54.81,1008.37,Pattern_B
PA_052,0.2816,0.8045,0.41496,25.78,52.59,1012.79,Pattern_A
PD_300,0.74156,0.3816,0.54577,23.72,59.77,1006.5,Pattern_D
PD_229,0.87726,0.2091,0.61109,24.73,62.07,1004.52,Pattern_D
PD_291,0.7041,0.35477,0.5254,24.21,61.54,1004.21,Pattern_D
U_050,0.42032,0.56806,0.48377,25.6,50.87,1006.78,Unknown
U_220,0.53097,0.34631,0.38085,25.5,52.21,1010.73,Unknown
PB_133,0.70584,0.46634,0.66351,24.13,57.72,1008.52,Pattern_B
U_253,0.54476,0.47591,0.45561,26.06,50.71,1012.56,Unknown
U_271,0.52113,0.4973,0.48338,25.45,53.68,1007.96,Unknown
U_035,0.63425,0.45225,0.38654,25.24,45.91,1010.43,Unknown
U_082,0.49342,0.50272,0.51539,25.15,52.54,1009.15,Unknown
PD_186,0.74415,0.25535,0.60481,23.74,57.76,1002.38,Pattern_D
PC_011,0.52082,0.62616,0.25423,26.14,44.63,1012.15,Pattern_C
U_085,0.48501,0.44335,0.60537,24.98,50.76,1008.37,Unknown
PD_142,0.73308,0.26781,0.68882,23.91,61.41,1006.29,Pattern_D
PA_221,0.25817,0.68355,0.37867,24.3,50.5,1013.74,Pattern_A
PB_040,0.68626,0.46789,0.73225,24.95,52.81,1008.53,Pattern_B
PB_124,0.71379,0.46103,0.78881,24.68,54.29,1009.42,Pattern_B
PB_129,0.58047,0.45051,0.89638,24.79,58.24,1008.33,Pattern_B
PD_206,0.79864,0.27673,0.55277,23.2,62.17,1004.67,Pattern_D
PA_077,0.35919,0.66503,0.39998,24.99,50.69,1010.5,Pattern_A
U_192,0.39182,0.48864,0.44938,24.86,52.52,1009.4,Unknown
PB_140,0.74271,0.49848,0.74025,24.4,56.46,1006.95,Pattern_B
U_137,0.51234,0.5447,0.59358,25.15,55.3,1007.36,Unknown
PC_265,0.46075,0.61488,0.31699,26.0,45.24,1013.12,Pattern_C
PD_181,0.76815,0.25699,0.55951,24.58,63.46,1003.99,Pattern_D
PB_055,0.67846,0.43256,0.89239,24.26,55.93,1009.92,Pattern_B
PB_066,0.71994,0.35948,0.70005,24.52,55.38,1004.66,Pattern_B
PB_010,0.70613,0.37502,0.74988,24.97,55.87,1005.49,Pattern_B
PC_137,0.58798,0.62024,0.30202,26.61,47.54,1016.38,Pattern_C
PD_099,0.78995,0.26777,0.45257,24.22,62.53,1004.43,Pattern_D
PC_022,0.53257,0.6411,0.29693,26.11,43.38,1016.26,Pattern_C
PB_244,0.63179,0.39807,0.76645,24.01,55.73,1010.9,Pattern_B
PD_241,0.87758,0.24862,0.62457,23.77,61.28,1006.14,Pattern_D
U_097,0.62034,0.39989,0.49612,25.66,52.59,1009.66,Unknown
PB_255,0.73006,0.43845,0.79511,24.53,53.52,1007.53,Pattern_B
PC_080,0.45313,0.5464,0.12327,25.78,44.13,1014.08,Pattern_C
PA_050,0.28697,0.73147,0.39776,24.83,46.14,1012.59,Pattern_A
PB_191,0.77035,0.50224,0.76147,24.37,54.71,1008.41,Pattern_B
PB_017,0.59469,0.44945,0.733,24.02,53.78,1009.93,Pattern_B
PD_005,0.81935,0.25927,0.53892,23.84,64.21,1009.12,Pattern_D
PC_037,0.51655,0.61192,0.37362,25.86,47.11,1017.22,Pattern_C
PB_261,0.67692,0.27315,0.77293,24.08,56.07,1005.69,Pattern_B
PB_187,0.76668,0.53901,0.69881,24.91,53.41,1008.4,Pattern_B
PA_068,0.34513,0.69441,0.41127,24.88,49.74,1013.49,Pattern_A
PC_212,0.47053,0.57838,0.40921,26.04,42.39,1015.32,Pattern_C
PB_194,0.69014,0.54681,0.68385,24.49,55.67,1006.67,Pattern_B
PB_011,0.71606,0.3495,0.84475,24.96,55.64,1008.28,Pattern_B
PD_197,0.81221,0.18561,0.48382,24.02,57.71,1004.2,Pattern_D
U_048,0.48649,0.27394,0.47646,25.65,53.02,1011.73,Unknown
PA_185,0.23965,0.76555,0.29865,24.64,52.87,1013.51,Pattern_A
PB_007,0.69208,0.40318,0.8487,24.09,53.71,1008.02,Pattern_B
PC_253,0.52058,0.6517,0.37879,26.26,46.77,1014.64,Pattern_C
PC_193,0.54779,0.50708,0.3871,25.73,45.37,1016.54,Pattern_C
PA_290,0.27159,0.77945,0.2979,24.91,48.2,1012.2,Pattern_A
PC_107,0.53124,0.6147,0.27528,26.29,45.07,1013.47,Pattern_C
U_130,0.56683,0.46147,0.60378,25.22,53.68,1010.88,Unknown
PC_055,0.52069,0.65774,0.3274,25.36,41.84,1013.64,Pattern_C
PB_223,0.68285,0.37947,0.72841,23.99,57.78,1009.92,Pattern_B
PB_162,0.57983,0.53392,0.80954,24.85,57.13,1009.04,Pattern_B
PD_031,0.80131,0.33187,0.67013,23.33,60.79,1005.28,Pattern_D
PD_135,0.77653,0.19401,0.66465,23.45,64.26,1003.88,Pattern_D
PA_030,0.22971,0.73122,0.47475,25.07,49.74,1012.51,Pattern_A
PA_241,0.26345,0.74344,0.29656,25.65,49.68,1012.52,Pattern_A
PC_199,0.62897,0.63765,0.17646,24.6,46.61,1014.83,Pattern_C
PC_218,0.52142,0.61189,0.40637,26.56,46.73,1013.27,Pattern_C
PA_066,0.17294,0.72353,0.35169,25.21,51.54,1012.25,Pattern_A
PC_002,0.42937,0.69543,0.32719,25.98,46.42,1013.62,Pattern_C
PD_025,0.77642,0.40857,0.68286,24.24,62.74,1003.19,Pattern_D
PC_155,0.57716,0.52282,0.26583,26.08,43.45,1017.58,Pattern_C
PD_027,0.79355,0.33209,0.54525,23.2,65.57,1009.48,Pattern_D
PD_202,0.77199,0.29623,0.61742,23.52,56.5,1003.05,Pattern_D
PA_248,0.3063,0.74145,0.42666,24.64,51.93,1009.53,Pattern_A
PA_278,0.29435,0.83689,0.45148,24.69,50.49,1012.0,Pattern_A
U_203,0.43747,0.41054,0.53932,25.36,54.06,1009.68,Unknown
PD_167,0.84424,0.21764,0.51832,24.12,64.38,1003.28,Pattern_D
PB_180,0.68643,0.27422,0.68067,24.26,53.17,1008.71,Pattern_B
PB_127,0.56454,0.47457,0.8461,25.17,55.79,1008.08,Pattern_B
PA_124,0.21091,0.57393,0.4401,25.53,47.75,1008.65,Pattern_A
PD_270,0.78835,0.257,0.66867,24.02,60.22,1005.17,Pattern_D
PB_095,0.81925,0.51621,0.82716,24.33,53.06,1009.42,Pattern_B
PD_086,0.86935,0.31322,0.61446,23.73,63.16,1005.57,Pattern_D
PC_116,0.4957,0.4977,0.22806,26.58,45.16,1015.81,Pattern_C
PD_235,0.81691,0.27059,0.64551,23.46,63.71,1004.3,Pattern_D
PD_185,0.78897,0.36329,0.54645,23.85,60.57,1005.72,Pattern_D
PB_198,0.66924,0.43685,0.68072,24.3,55.46,1010.85,Pattern_B
PA_045,0.32593,0.78583,0.38933,25.16,50.12,1012.0,Pattern_A
PA_060,0.35877,0.73514,0.39406,25.12,48.1,1011.73,Pattern_A
PD_262,0.85944,0.21929,0.72384,24.29,62.46,1007.57,Pattern_D
PA_024,0.40982,0.9094,0.40486,24.55,45.31,1012.48,Pattern_A
PC_275,0.57802,0.60914,0.47448,26.47,45.71,1013.42,Pattern_C
PB_182,0.70813,0.42921,0.73617,24.35,53.2,1008.76,Pattern_B
U_125,0.47215,0.37606,0.53595,25.52,51.09,1012.3,Unknown
PC_146,0.53639,0.55124,0.38714,26.4,43.51,1015.92,Pattern_C
PA_232,0.36868,0.64937,0.40018,24.59,48.52,1014.66,Pattern_A
PA_125,0.30545,0.7805,0.48786,25.23,49.18,1010.39,Pattern_A
PB_128,0.75305,0.52935,0.82801,24.08,55.44,1008.79,Pattern_B
PC_219,0.49179,0.59384,0.23348,26.23,45.79,1013.04,Pattern_C
PA_169,0.34159,0.74462,0.30591,25.65,48.9,1009.02,Pattern_A
PA_116,0.31727,0.70403,0.43712,23.99,48.18,1010.59,Pattern_A
PD_189,0.84991,0.14752,0.56257,23.66,64.54,1007.83,Pattern_D
PD_087,0.7832,0.30895,0.60712,23.67,61.47,1008.07,Pattern_D
U_196,0.50485,0.43935,0.50764,26.12,51.63,1011.66,Unknown
U_225,0.56179,0.41989,0.47098,26.48,52.21,1013.28,Unknown
PB_116,0.72484,0.37439,0.80596,24.16,57.4,1011.98,Pattern_B
PA_142,0.47484,0.77533,0.33756,25.44,49.2,1011.12,Pattern_A
U_034,0.43797,0.47115,0.51105,26.2,48.74,1008.36,Unknown
U_094,0.45021,0.34415,0.508,25.07,50.73,1010.86,Unknown
PC_163,0.53713,0.62845,0.34267,26.16,43.02,1010.61,Pattern_C
U_007,0.57166,0.47269,0.61026,25.37,54.42,1008.3,Unknown
PB_163,0.66656,0.40936,0.73435,25.69,56.22,1007.17,Pattern_B
U_044,0.44461,0.46659,0.52105,25.43,54.31,1008.56,Unknown
PA_079,0.36083,0.65746,0.40086,24.82,49.37,1012.33,Pattern_A
PD_105,0.7065,0.33241,0.58534,23.51,63.88,1001.04,Pattern_D
U_291,0.34132,0.46531,0.56735,26.22,50.08,1013.15,Unknown
PB_272,0.70095,0.45413,0.87263,24.86,51.47,1010.53,Pattern_B
PA_016,0.3366,0.7136,0.3546,24.96,46.29,1009.4,Pattern_A
PB_195,0.68156,0.316,0.84459,24.19,59.47,1007.94,Pattern_B
PB_051,0.69412,0.30856,0.71717,24.85,54.38,1007.08,Pattern_B
PD_100,0.72686,0.20446,0.59343,24.53,62.45,1002.51,Pattern_D
PA_275,0.21793,0.72347,0.37285,25.53,49.61,1010.75,Pattern_A
PD_292,0.8685,0.33682,0.63838,24.0,61.02,1006.1,Pattern_D
PA_272,0.17106,0.82338,0.4025,25.49,47.32,1010.5,Pattern_A
U_274,0.39725,0.50418,0.38051,25.03,50.73,1011.44,Unknown
PA_238,0.32148,0.81108,0.39088,24.59,51.81,1013.66,Pattern_A
PB_286,0.70809,0.3294,0.72246,24.98,55.78,1007.45,Pattern_B
U_113,0.47867,0.43342,0.49958,25.82,51.1,1010.93,Unknown
PC_095,0.50759,0.61977,0.21174,25.54,44.79,1015.91,Pattern_C
PD_102,0.72481,0.20759,0.56869,23.98,58.39,1006.27,Pattern_D
PB_023,0.63252,0.50408,0.67899,25.22,54.93,1005.91,Pattern_B
PC_183,0.53459,0.5517,0.27274,26.16,46.58,1014.83,Pattern_C
U_159,0.50441,0.51123,0.52354,25.42,50.38,1011.97,Unknown
U_004,0.47532,0.41311,0.53904,25.47,53.27,1009.67,Unknown
PD_071,0.75895,0.2136,0.58877,23.71,57.84,1005.91,Pattern_D
U_267,0.54662,0.54527,0.5274,25.34,53.69,1011.47,Unknown
PB_227,0.82695,0.40287,0.67258,24.19,54.89,1008.98,Pattern_B
U_226,0.49138,0.486,0.48167,25.92,54.99,1008.14,Unknown
PD_271,0.78682,0.37896,0.54398,24.15,62.09,1007.68,Pattern_D
PA_176,0.2317,0.70674,0.38658,26.1,46.97,1014.65,Pattern_A
PB_059,0.65996,0.42828,0.75619,24.83,53.14,1006.06,Pattern_B
PA_044,0.29264,0.63063,0.36571,24.88,50.51,1011.0,Pattern_A
PB_117,0.67329,0.27748,0.72712,25.05,56.22,1008.45,Pattern_B
PB_045,0.663,0.40876,0.81787,24.49,56.17,1007.65,Pattern_B
PD_127,0.68865,0.27696,0.51794,24.24,62.63,1003.85,Pattern_D
U_202,0.48605,0.36188,0.56053,25.46,53.74,1011.24,Unknown
PA_102,0.34196,0.74913,0.27886,25.24,47.72,1012.42,Pattern_A
PA_108,0.4129,0.73118,0.35976,24.94,51.35,1008.88,Pattern_A
U_290,0.56876,0.53853,0.40155,26.11,54.97,1007.89,Unknown
PD_153,0.7843,0.33577,0.68565,24.68,61.86,1004.04,Pattern_D
PD_065,0.77692,0.41499,0.61216,23.39,60.4,1007.47,Pattern_D
PB_081,0.74794,0.42087,0.8263,24.62,56.01,1008.65,Pattern_B
PA_245,0.35437,0.72262,0.30282,24.39,46.86,1008.82,Pattern_A
PD_200,0.74642,0.26593,0.56588,23.74,59.78,1007.28,Pattern_D
PB_201,0.7487,0.4647,0.87797,23.8,54.42,1007.17,Pattern_B
PC_101,0.4755,0.4707,0.31244,26.95,48.06,1014.54,Pattern_C
PA_129,0.22961,0.82932,0.48374,25.61,50.56,1014.43,Pattern_A
PA_240,0.31303,0.71458,0.3536,23.67,47.26,1014.02,Pattern_A
PD_215,0.76525,0.18807,0.62916,23.31,65.29,1008.28,Pattern_D
PC_083,0.47791,0.52298,0.31312,25.21,46.21,1016.47,Pattern_C
PB_183,0.67483,0.37689,0.72027,23.96,57.15,1008.14,Pattern_B
U_106,0.59382,0.60794,0.51692,25.75,54.62,1007.86,Unknown
PA_276,0.27214,0.80274,0.41218,24.83,49.48,1009.18,Pattern_A
PB_283,0.66449,0.43569,0.84645,24.48,57.21,1009.94,Pattern_B
PA_204,0.23426,0.80612,0.37733,25.58,50.9,1013.41,Pattern_A
PA_033,0.27892,0.81499,0.31358,24.6,51.42,1011.29,Pattern_A
U_120,0.4196,0.43893,0.45966,25.55,53.28,1014.09,Unknown
PC_214,0.54876,0.52857,0.24752,26.12,43.62,1014.5,Pattern_C
PD_098,0.76864,0.34579,0.43127,24.06,61.65,1004.13,Pattern_D
PB_082,0.71836,0.56803,0.81826,23.79,55.98,1010.05,Pattern_B
PD_174,0.8231,0.39227,0.61652,23.88,64.73,1004.84,Pattern_D
U_149,0.50514,0.44384,0.5729,27.31,53.52,1010.18,Unknown
PB_279,0.75816,0.48087,0.66728,24.36,57.41,1008.99,Pattern_B
PC_288,0.48398,0.54537,0.2813,26.73,49.45,1013.53,Pattern_C
U_126,0.40147,0.57686,0.49866,25.64,51.13,1007.0,Unknown
U_127,0.47232,0.49176,0.54057,25.41,47.18,1007.23,Unknown
PD_042,0.69668,0.24501,0.48442,23.82,62.87,1002.43,Pattern_D
PA_164,0.22207,0.74885,0.4078,24.31,50.5,1013.32,Pattern_A
PD_010,0.7401,0.33705,0.46864,24.37,63.37,1006.62,Pattern_D
PA_298,0.166,0.65608,0.42127,25.55,52.44,1009.13,Pattern_A
PC_156,0.56997,0.61886,0.38765,25.33,44.98,1015.66,Pattern_C
PB_106,0.59628,0.48679,0.6989,24.55,54.47,1006.28,Pattern_B
PD_069,0.74907,0.23428,0.69353,24.01,63.26,1006.59,Pattern_D
PC_006,0.55998,0.67739,0.24083,25.94,44.62,1012.68,Pattern_C
PB_121,0.66816,0.53585,0.74717,23.69,59.16,1009.23,Pattern_B
PB_165,0.70116,0.42614,0.76065,24.47,53.73,1007.19,Pattern_B
PD_288,0.68948,0.32285,0.57661,24.03,61.14,1003.56,Pattern_D
PD_040,0.77952,0.14725,0.60677,24.32,62.8,1006.05,Pattern_D
PA_193,0.315,0.6835,0.42187,25.05,50.0,1014.65,Pattern_A
PC_075,0.46706,0.59029,0.27008,25.75,44.61,1015.11,Pattern_C
PB_052,0.75705,0.35193,0.71211,24.6,55.86,1008.89,Pattern_B
PC_259,0.52012,0.51524,0.37763,25.96,45.1,1017.44,Pattern_C
PA_064,0.38823,0.69025,0.38647,25.59,46.48,1009.75,Pattern_A
PD_274,0.8404,0.21596,0.58763,24.32,57.27,1008.63,Pattern_D
PC_166,0.56667,0.70048,0.2944,25.87,46.67,1016.56,Pattern_C
U_241,0.52842,0.58256,0.46497,24.67,53.1,1009.4,Unknown
PA_262,0.23601,0.73053,0.42378,24.29,50.06,1011.6,Pattern_A
PB_043,0.74374,0.60573,0.78199,24.76,53.92,1004.74,Pattern_B
U_021,0.3392,0.39668,0.58784,25.87,54.9,1012.5,Unknown
PB_172,0.78132,0.54509,0.66014,25.62,52.99,1009.77,Pattern_B
U_135,0.49067,0.34883,0.50595,25.14,51.59,1006.97,Unknown
PA_199,0.33371,0.71084,0.47191,25.45,49.44,1013.35,Pattern_A
U_032,0.5183,0.48321,0.41588,25.46,49.28,1009.81,Unknown
PD_018,0.72001,0.25174,0.58445,23.37,60.87,1002.79,Pattern_D
PC_144,0.48833,0.61379,0.3029,25.98,47.39,1013.89,Pattern_C
PB_271,0.68044,0.4125,0.82386,24.06,61.19,1008.68,Pattern_B
PA_219,0.14721,0.69741,0.3092,25.36,48.51,1012.73,Pattern_A
PB_154,0.73717,0.34941,0.77054,25.08,51.18,1008.32,Pattern_B
PA_031,0.37183,0.73426,0.35534,25.5,50.94,1014.76,Pattern_A
PA_057,0.26309,0.74028,0.44932,25.27,44.96,1012.55,Pattern_A
U_011,0.484,0.5469,0.56788,25.31,53.22,1010.76,Unknown
U_186,0.40881,0.47795,0.55562,25.14,50.66,1010.82,Unknown
PD_166,0.77613,0.20904,0.60312,23.8,66.21,1004.54,Pattern_D
PB_131,0.62549,0.48292,0.75478,24.65,56.01,1009.79,Pattern_B
PC_125,0.48918,0.6233,0.22637,24.99,45.9,1015.93,Pattern_C
PD_245,0.7641,0.33128,0.54486,23.87,58.83,1006.96,Pattern_D
PD_106,0.79907,0.40526,0.6664,23.98,61.34,1003.86,Pattern_D
PD_151,0.86638,0.25336,0.56572,23.31,64.18,1008.78,Pattern_D
U_146,0.56971,0.51605,0.41708,25.59,56.71,1008.44,Unknown
U_037,0.46745,0.4211,0.48237,24.93,52.47,1009.73,Unknown
U_036,0.52454,0.41074,0.47176,25.92,48.15,1007.62,Unknown
U_249,0.4595,0.50849,0.44317,25.37,51.65,1009.19,Unknown
PC_021,0.52254,0.64527,0.33611,26.41,44.78,1017.5,Pattern_C
PD_168,0.78132,0.2102,0.56913,24.18,61.04,1004.55,Pattern_D
PC_239,0.56536,0.47739,0.34971,26.37,47.75,1014.91,Pattern_C
PA_100,0.22954,0.69247,0.34876,25.37,50.53,1008.81,Pattern_A
PB_233,0.68474,0.34326,0.75305,24.98,52.14,1007.63,Pattern_B
PB_229,0.62953,0.34275,0.82385,24.81,57.15,1008.07,Pattern_B
U_147,0.47675,0.56188,0.53703,26.62,50.39,1008.22,Unknown
PD_273,0.78432,0.27363,0.55242,23.25,63.22,1003.52,Pattern_D
PD_279,0.77529,0.32669,0.59342,24.23,61.2,1005.09,Pattern_D
PC_030,0.57998,0.53914,0.22561,26.21,44.84,1011.61,Pattern_C
PD_128,0.78399,0.26897,0.67685,24.05,63.47,1000.2,Pattern_D
PA_271,0.33176,0.72303,0.42571,25.53,50.42,1014.04,Pattern_A
U_142,0.32067,0.40651,0.56605,25.95,52.82,1011.59,Unknown
PC_027,0.50906,0.51733,0.30382,25.2,44.02,1016.37,Pattern_C
PD_143,0.8354,0.26286,0.59317,24.22,59.45,1005.02,Pattern_D
PD_077,0.82288,0.29861,0.64821,24.39,64.64,1007.17,Pattern_D
PB_072,0.6883,0.45765,0.89115,24.62,56.07,1006.06,Pattern_B
PB_289,0.59528,0.41271,0.85367,24.42,57.88,1008.63,Pattern_B
PD_068,0.81856,0.37266,0.56135,23.63,59.88,1004.73,Pattern_D
PD_266,0.75097,0.32189,0.56336,23.82,63.53,1006.95,Pattern_D
PD_247,0.73183,0.26838,0.58006,23.85,58.25,1004.58,Pattern_D
PA_237,0.42261,0.78471,0.43827,25.01,49.52,1011.62,Pattern_A
PB_297,0.69868,0.43209,0.79345,23.9,56.42,1011.7,Pattern_B
PD_063,0.77701,0.37218,0.73231,23.94,62.26,1005.31,Pattern_D
U_246,0.52129,0.47526,0.59048,26.01,51.74,1009.64,Unknown
PD_264,0.88831,0.19711,0.67658,23.55,61.02,1002.8,Pattern_D
PB_291,0.68974,0.44288,0.75076,24.68,54.41,1006.83,Pattern_B
PA_209,0.29056,0.61864,0.43804,25.68,48.25,1012.54,Pattern_A
PD_175,0.78183,0.4119,0.67732,23.8,61.0,1007.63,Pattern_D
PC_300,0.5358,0.64035,0.30625,26.53,41.12,1017.14,Pattern_C
PB_054,0.69183,0.47022,0.79331,24.52,53.22,1008.12,Pattern_B
PA_059,0.21301,0.81594,0.4021,25.38,48.74,1013.46,Pattern_A
PB_004,0.70662,0.40305,0.63354,24.85,57.69,1009.16,Pattern_B
U_248,0.55682,0.46829,0.63682,25.6,49.12,1008.99,Unknown
PC_244,0.52401,0.60224,0.21709,26.36,42.85,1014.61,Pattern_C
U_062,0.44417,0.4873,0.57596,25.75,46.28,1011.15,Unknown
U_231,0.38068,0.4894,0.44066,24.96,51.75,1012.21,Unknown
U_010,0.48561,0.45011,0.60046,25.18,55.06,1008.13,Unknown
PB_068,0.68499,0.45931,0.82485,24.37,54.0,1008.79,Pattern_B
U_158,0.50624,0.5337,0.42277,25.45,51.91,1009.56,Unknown
PD_298,0.75574,0.3164,0.59225,24.07,60.64,1006.28,Pattern_D
U_105,0.42158,0.46947,0.54039,25.41,54.53,1009.22,Unknown
U_033,0.43902,0.49483,0.41946,25.51,53.26,1011.63,Unknown
PC_105,0.48209,0.62722,0.30383,26.88,43.53,1016.63,Pattern_C
PA_234,0.33166,0.62836,0.45095,24.85,49.55,1011.12,Pattern_A
PC_019,0.51219,0.58191,0.30823,26.3,44.68,1015.15,Pattern_C
PA_197,0.25809,0.72966,0.40197,25.19,47.09,1013.54,Pattern_A
U_060,0.52142,0.48058,0.48678,26.19,50.95,1010.7,Unknown
PA_082,0.25713,0.74797,0.32891,25.3,52.39,1012.66,Pattern_A
U_205,0.47702,0.50453,0.50278,25.56,55.79,1012.16,Unknown
PB_298,0.68431,0.41599,0.77854,25.41,52.75,1008.37,Pattern_B
PD_257,0.74008,0.2644,0.56845,23.76,60.17,1001.36,Pattern_D
PA_112,0.21114,0.75133,0.34864,23.85,51.73,1012.49,Pattern_A
U_077,0.41906,0.44315,0.50202,25.6,50.26,1011.62,Unknown
PC_181,0.60878,0.60656,0.24261,25.72,43.57,1013.72,Pattern_C
PD_084,0.80386,0.32954,0.58308,23.65,61.64,1005.24,Pattern_D
PC_200,0.58277,0.54275,0.30101,26.38,44.02,1014.23,Pattern_C
U_066,0.42737,0.5445,0.50711,25.31,51.9,1007.66,Unknown
PD_251,0.72133,0.38823,0.53601,24.01,60.16,1006.37,Pattern_D
PC_225,0.51113,0.72281,0.3631,26.16,44.94,1016.52,Pattern_C
PB_083,0.74615,0.39227,0.8299,24.92,60.66,1006.65,Pattern_B
PB_239,0.71386,0.32557,0.73307,25.18,52.63,1009.57,Pattern_B
U_294,0.47009,0.38646,0.48751,25.66,51.82,1007.21,Unknown
PD_213,0.7149,0.19299,0.69956,23.51,61.7,1004.28,Pattern_D
PB_025,0.65912,0.30281,0.71487,24.09,53.08,1011.6,Pattern_B
PB_062,0.8347,0.3089,0.7157,24.22,53.13,1006.06,Pattern_B
U_288,0.52917,0.49028,0.42989,25.81,52.0,1009.13,Unknown
PD_130,0.87411,0.31588,0.53393,23.82,56.26,1003.05,Pattern_D
PC_108,0.46233,0.55112,0.29333,25.99,45.47,1015.9,Pattern_C
PB_033,0.69274,0.48274,0.76527,24.68,55.67,1007.84,Pattern_B
PB_130,0.67597,0.44478,0.71105,24.07,57.79,1010.47,Pattern_B
U_043,0.52198,0.36923,0.4804,25.65,55.23,1008.96,Unknown
PB_126,0.58765,0.41296,0.73398,23.56,55.86,1007.32,Pattern_B
PC_029,0.57102,0.64878,0.25363,25.4,45.92,1015.98,Pattern_C
PD_212,0.75699,0.35276,0.57325,23.39,61.62,1005.93,Pattern_D
PC_078,0.48414,0.55915,0.29089,26.19,43.19,1014.87,Pattern_C
PC_094,0.57788,0.62964,0.2001,25.4,46.17,1012.58,Pattern_C
PC_158,0.4181,0.53716,0.31388,26.01,39.07,1017.24,Pattern_C
PA_255,0.27665,0.79013,0.45191,24.92,45.3,1013.11,Pattern_A
PD_195,0.84938,0.33842,0.6502,23.35,61.18,1002.76,Pattern_D
PD_017,0.74696,0.33835,0.6234,23.45,60.92,1000.99,Pattern_D
PD_286,0.72599,0.36437,0.65001,23.88,58.71,1004.79,Pattern_D
PC_069,0.47391,0.67581,0.3017,26.12,46.51,1018.1,Pattern_C
PC_242,0.56971,0.5318,0.27982,26.46,45.92,1015.27,Pattern_C
PC_207,0.40919,0.53383,0.35203,26.18,45.41,1013.19,Pattern_C
U_257,0.52347,0.56683,0.4666,25.75,52.95,1010.01,Unknown
PA_087,0.33676,0.67526,0.43387,25.73,47.87,1010.4,Pattern_A
U_222,0.47707,0.6309,0.48831,25.75,53.42,1011.32,Unknown
PA_266,0.22375,0.62835,0.36957,24.67,50.83,1012.81,Pattern_A
PA_288,0.26355,0.84499,0.44764,25.04,47.93,1011.05,Pattern_A
U_284,0.47393,0.41393,0.6266,24.81,48.86,1011.02,Unknown
PC_293,0.57453,0.54625,0.27971,26.39,40.74,1014.9,Pattern_C
U_296,0.49775,0.3835,0.49577,24.97,49.54,1012.96,Unknown
PD_079,0.80534,0.43116,0.59063,24.9,62.39,1005.04,Pattern_D
PB_235,0.70359,0.39772,0.78878,24.64,57.25,1007.01,Pattern_B
PD_101,0.79238,0.29653,0.63184,24.07,55.43,1005.98,Pattern_D
PA_222,0.31611,0.61672,0.37257,25.33,45.87,1010.07,Pattern_A
PA_114,0.32132,0.70915,0.42901,25.28,52.75,1011.06,Pattern_A
PC_073,0.5523,0.63867,0.23653,26.07,49.84,1014.97,Pattern_C
PB_284,0.66727,0.45865,0.74539,25.09,56.4,1005.86,Pattern_B
PA_175,0.25807,0.66415,0.34774,25.24,47.9,1012.79,Pattern_A
PB_236,0.68227,0.416,0.80225,24.04,57.24,1008.84,Pattern_B
PD_179,0.92265,0.39472,0.62267,23.91,62.36,1003.19,Pattern_D
PD_277,0.92361,0.26267,0.66973,23.81,64.33,1003.76,Pattern_D
PD_207,0.76231,0.31292,0.62488,24.12,63.22,1004.57,Pattern_D
PD_083,0.88991,0.37715,0.58154,23.7,63.27,1008.01,Pattern_D
PA_286,0.26805,0.57208,0.41846,24.95,47.77,1012.23,Pattern_A
PC_268,0.46853,0.52277,0.18093,25.89,41.77,1013.2,Pattern_C
PB_075,0.70708,0.37967,0.66507,24.16,54.88,1010.1,Pattern_B
PD_297,0.80444,0.29301,0.61715,23.83,61.58,1005.61,Pattern_D
PA_032,0.31008,0.64041,0.29791,25.74,53.79,1011.68,Pattern_A
PB_252,0.70666,0.46576,0.69946,24.3,53.89,1009.17,Pattern_B
PA_211,0.35496,0.72633,0.42775,24.8,49.89,1011.79,Pattern_A
PD_147,0.8209,0.40695,0.6385,22.83,63.24,1009.63,Pattern_D
PD_024,0.81106,0.22121,0.58795,23.97,63.33,1002.83,Pattern_D
PC_210,0.50709,0.67876,0.19205,25.71,43.84,1014.6,Pattern_C
PC_018,0.47924,0.54922,0.31134,25.9,44.61,1016.07,Pattern_C
PD_033,0.83141,0.32555,0.60767,23.94,61.59,1003.71,Pattern_D
PC_020,0.477,0.54406,0.32615,26.2,46.0,1015.51,Pattern_C
PA_189,0.28659,0.58367,0.32635,24.88,48.49,1014.49,Pattern_A
PC_111,0.53605,0.67274,0.25199,26.39,43.52,1014.14,Pattern_C
PD_037,0.7741,0.29332,0.58189,24.01,67.58,1005.34,Pattern_D
PD_269,0.76164,0.28858,0.49272,23.53,61.12,1004.29,Pattern_D
U_020,0.45342,0.46897,0.42708,25.42,49.94,1009.5,Unknown
PD_198,0.78892,0.32702,0.5715,23.64,63.86,1005.51,Pattern_D
PD_002,0.69281,0.302,0.51489,24.03,63.71,1007.32,Pattern_D
PA_084,0.19051,0.62282,0.46183,25.4,48.42,1009.3,Pattern_A
PC_102,0.52049,0.6577,0.34733,25.85,45.08,1015.54,Pattern_C
PA_049,0.28393,0.71327,0.36488,25.07,53.24,1007.38,Pattern_A
U_084,0.45285,0.51248,0.46935,25.4,46.67,1009.46,Unknown
PA_156,0.30033,0.74914,0.44992,25.74,50.68,1013.06,Pattern_A
PD_252,0.72357,0.30255,0.58317,24.85,63.39,1003.93,Pattern_D
PD_242,0.76355,0.12697,0.39623,24.37,64.71,1008.4,Pattern_D
PD_075,0.85915,0.34763,0.63773,24.45,63.25,1004.93,Pattern_D
PD_158,0.81422,0.24771,0.52088,24.33,62.78,1004.58,Pattern_D
PC_208,0.43552,0.52595,0.27741,26.39,46.99,1016.14,Pattern_C
U_030,0.46873,0.42282,0.43613,24.66,49.04,1009.54,Unknown
U_281,0.45251,0.46535,0.43907,26.21,53.09,1013.23,Unknown
U_237,0.47269,0.2406,0.50343,25.51,54.28,1012.36,Unknown
PA_180,0.24979,0.73474,0.45914,26.26,48.71,1014.58,Pattern_A
U_156,0.43509,0.45635,0.4223,25.07,53.42,1011.17,Unknown
U_047,0.42374,0.48176,0.35757,25.24,54.11,1009.77,Unknown
PD_141,0.84247,0.29785,0.55092,24.35,65.41,1007.26,Pattern_D
PD_050,0.81624,0.44307,0.59492,23.62,60.65,1001.68,Pattern_D
PC_217,0.55381,0.68159,0.29849,25.8,40.42,1015.13,Pattern_C
PB_064,0.71317,0.39573,0.88727,24.61,50.9,1006.2,Pattern_B
PD_278,0.81442,0.28354,0.67474,24.0,64.06,1001.1,Pattern_D
PD_299,0.73015,0.26278,0.54826,23.32,64.23,1003.26,Pattern_D
PB_047,0.6781,0.42349,0.63064,24.09,55.9,1008.7,Pattern_B
PD_111,0.75136,0.24342,0.58933,24.02,65.61,1005.64,Pattern_D
PC_015,0.46224,0.61741,0.20724,26.19,50.78,1017.43,Pattern_C
PD_066,0.84196,0.30183,0.55345,24.31,59.81,1005.71,Pattern_D
U_074,0.45744,0.48558,0.47876,25.89,49.07,1008.52,Unknown
PB_290,0.70592,0.33318,0.81625,24.35,56.9,1006.53,Pattern_B
U_089,0.5157,0.39952,0.48244,25.44,49.9,1008.25,Unknown
PC_032,0.50188,0.60277,0.38687,25.78,43.95,1017.79,Pattern_C
PA_244,0.39819,0.74323,0.43778,24.67,48.12,1012.83,Pattern_A
U_175,0.48838,0.44324,0.51346,24.99,54.88,1010.34,Unknown
U_252,0.46812,0.50723,0.47134,25.26,49.04,1008.97,Unknown
PC_165,0.50376,0.63039,0.31035,26.68,41.25,1014.17,Pattern_C
PD_088,0.92908,0.22172,0.50443,23.37,61.77,1006.61,Pattern_D
PB_112,0.65577,0.50596,0.79972,24.51,53.99,1007.22,Pattern_B
U_221,0.45036,0.41033,0.49956,25.3,55.41,1009.42,Unknown
U_026,0.55539,0.46318,0.37258,25.53,52.44,1008.14,Unknown
PB_009,0.65885,0.46299,0.72151,24.6,54.34,1009.21,Pattern_B
PC_282,0.46803,0.55024,0.33564,26.8,46.06,1013.38,Pattern_C
PB_099,0.74177,0.41708,0.64235,24.82,51.35,1008.56,Pattern_B
PB_071,0.6851,0.37006,0.76516,24.14,52.58,1008.42,Pattern_B
PA_055,0.40014,0.7675,0.28568,24.97,47.42,1011.07,Pattern_A
U_139,0.49182,0.47858,0.53161,25.64,53.19,1010.37,Unknown
PD_283,0.82575,0.26446,0.59982,24.36,59.12,1004.92,Pattern_D
PB_013,0.64611,0.34237,0.69613,23.68,56.61,1011.26,Pattern_B
PD_022,0.80504,0.3141,0.56634,23.78,60.42,1006.1,Pattern_D
PA_110,0.3323,0.74076,0.32786,25.08,52.67,1011.42,Pattern_A
PC_119,0.53849,0.44543,0.29958,26.02,45.1,1015.44,Pattern_C
PC_092,0.52519,0.72964,0.27303,25.22,44.13,1017.62,Pattern_C
PA_101,0.32835,0.68246,0.45647,24.72,48.6,1012.97,Pattern_A
PD_226,0.81828,0.29064,0.5321,24.07,61.86,1005.88,Pattern_D
PC_070,0.5294,0.59265,0.37052,26.44,44.29,1015.01,Pattern_C
U_176,0.44318,0.45916,0.46838,26.09,51.56,1010.28,Unknown
PA_267,0.31765,0.73551,0.47467,24.52,49.88,1014.04,Pattern_A
PC_079,0.51483,0.45601,0.26682,25.93,44.65,1017.55,Pattern_C
PA_297,0.22593,0.73369,0.31271,25.66,51.78,1012.17,Pattern_A
PB_230,0.72272,0.30552,0.81179,24.58,56.38,1008.68,Pattern_B
PD_045,0.83511,0.29379,0.59906,23.72,60.58,1005.94,Pattern_D
PD_114,0.89285,0.2058,0.53126,22.81,62.8,1003.02,Pattern_D
PD_051,0.76468,0.3744,0.61593,23.81,59.81,1005.41,Pattern_D
PB_078,0.6876,0.40733,0.78866,24.86,56.34,1007.61,Pattern_B
PA_287,0.2679,0.68565,0.41638,24.4,52.3,1009.48,Pattern_A
U_239,0.46979,0.56103,0.51086,26.17,50.35,1011.89,Unknown
PC_131,0.62696,0.62032,0.30849,25.69,46.59,1014.32,Pattern_C
PA_127,0.24935,0.77558,0.41838,25.2,52.75,1013.14,Pattern_A
PB_028,0.6651,0.40465,0.71594,24.72,55.52,1007.84,Pattern_B
PA_293,0.2639,0.68323,0.44595,25.28,53.76,1016.08,Pattern_A
PB_249,0.65766,0.35315,0.74697,24.62,53.91,1009.0,Pattern_B
PC_128,0.49967,0.56124,0.14882,26.44,45.99,1014.68,Pattern_C
PD_009,0.85128,0.31046,0.56802,23.41,65.87,1003.15,Pattern_D
PB_056,0.68539,0.57196,0.73732,24.65,53.24,1007.37,Pattern_B
PA_171,0.31869,0.74054,0.40459,25.28,45.36,1011.34,Pattern_A
PD_067,0.905,0.31335,0.53346,23.98,60.97,1002.49,Pattern_D
PD_234,0.6939,0.39881,0.55137,24.27,61.73,1006.1,Pattern_D
PC_052,0.43228,0.53189,0.21756,25.33,47.98,1019.36,Pattern_C
PA_210,0.2601,0.67915,0.42647,24.98,53.83,1011.13,Pattern_A
U_198,0.56012,0.41897,0.48723,25.65,52.41,1012.82,Unknown
PA_141,0.40478,0.72231,0.48522,24.96,50.29,1012.66,Pattern_A
PD_184,0.80482,0.44494,0.65507,24.45,68.16,1006.36,Pattern_D
PD_091,0.67882,0.20357,0.61979,22.55,64.69,1001.72,Pattern_D
PC_051,0.55533,0.64306,0.18866,25.9,41.44,1019.4,Pattern_C
PD_289,0.7376,0.26502,0.58113,23.87,61.58,1004.24,Pattern_D
U_299,0.42518,0.39869,0.5442,24.28,51.01,1012.57,Unknown
PB_186,0.65333,0.54272,0.75993,23.49,55.79,1011.5,Pattern_B
PB_228,0.71051,0.46398,0.72131,24.65,53.07,1006.88,Pattern_B
PA_200,0.40636,0.84743,0.30632,24.58,53.27,1010.1,Pattern_A
PC_290,0.58064,0.53109,0.32774,26.4,45.69,1017.04,Pattern_C
PC_245,0.50376,0.62328,0.15285,26.4,43.51,1017.2,Pattern_C
PD_169,0.71786,0.25786,0.68549,23.83,59.79,1004.43,Pattern_D
U_006,0.46138,0.53906,0.43264,25.2,52.84,1012.11,Unknown
PD_155,0.79539,0.46669,0.5727,23.6,64.23,1005.43,Pattern_D
PA_011,0.20744,0.69823,0.38977,25.26,51.56,1013.43,Pattern_A
PA_148,0.23889,0.64382,0.3144,25.13,52.74,1011.22,Pattern_A
PC_122,0.57748,0.63068,0.3141,25.2,49.04,1012.85,Pattern_C
PA_283,0.22399,0.68543,0.30506,25.18,48.98,1016.27,Pattern_A
PA_299,0.31659,0.78601,0.2805,25.0,50.6,1011.46,Pattern_A
PC_014,0.48222,0.60518,0.242,26.25,45.3,1014.19,Pattern_C
PA_292,0.26827,0.7404,0.3505,25.4,48.3,1010.89,Pattern_A
PC_050,0.55451,0.4961,0.19791,26.81,43.6,1015.58,Pattern_C
PB_299,0.63602,0.38444,0.75702,25.11,58.96,1008.81,Pattern_B
PD_144,0.71871,0.23607,0.54621,24.01,61.29,1003.83,Pattern_D
PB_253,0.67042,0.42898,0.82525,24.89,54.64,1006.79,Pattern_B
U_099,0.46159,0.44694,0.47267,24.8,51.65,1009.27,Unknown
PA_130,0.30066,0.73318,0.31439,25.18,50.13,1009.66,Pattern_A
PD_162,0.87413,0.23472,0.52347,24.52,63.37,1008.82,Pattern_D
PB_032,0.69091,0.37013,0.71162,23.89,55.86,1008.98,Pattern_B
PB_024,0.64275,0.36789,0.68352,24.54,52.3,1004.08,Pattern_B
PC_081,0.58092,0.65594,0.28467,25.83,47.26,1014.96,Pattern_C
PB_179,0.68355,0.4572,0.64939,24.2,52.64,1004.59,Pattern_B
PB_262,0.68165,0.40159,0.77819,24.56,54.44,1005.23,Pattern_B
PA_136,0.28889,0.68244,0.39517,24.77,48.62,1012.56,Pattern_A
PB_207,0.68765,0.41377,0.70991,24.47,57.77,1007.79,Pattern_B
PB_214,0.61077,0.48812,0.73202,24.0,55.5,1007.06,Pattern_B
U_172,0.51169,0.38185,0.45964,25.55,52.99,1009.82,Unknown
PB_136,0.58826,0.47354,0.72382,24.32,50.92,1006.78,Pattern_B
PC_274,0.47951,0.58794,0.33093,25.69,46.73,1016.48,Pattern_C
U_263,0.46883,0.37273,0.39923,24.72,53.36,1007.93,Unknown
PC_153,0.58997,0.55134,0.28548,26.43,46.78,1014.71,Pattern_C
PC_066,0.53559,0.53278,0.2617,25.69,46.32,1013.78,Pattern_C
PA_159,0.32106,0.48285,0.27659,25.2,51.05,1009.91,Pattern_A
U_054,0.50389,0.37231,0.3417,25.67,52.95,1010.86,Unknown
U_093,0.36824,0.46914,0.51869,25.37,53.16,1010.4,Unknown
PB_276,0.59303,0.46577,0.87645,24.82,58.22,1006.48,Pattern_B
PB_053,0.73012,0.43291,0.78936,24.38,55.14,1008.19,Pattern_B
PD_038,0.81644,0.19038,0.55091,24.35,62.89,997.1,Pattern_D
U_096,0.54761,0.43487,0.4855,25.98,51.8,1008.0,Unknown
U_193,0.5261,0.38761,0.45456,24.43,47.19,1013.24,Unknown
U_101,0.51093,0.53306,0.49123,24.88,49.0,1011.55,Unknown
PB_292,0.7683,0.48818,0.71435,24.76,53.37,1005.87,Pattern_B
PC_065,0.47567,0.55957,0.21256,26.2,47.63,1013.37,Pattern_C
PA_196,0.23679,0.59597,0.37299,24.55,49.81,1009.12,Pattern_A
U_041,0.43261,0.44243,0.53149,25.0,51.76,1011.96,Unknown
PD_149,0.78408,0.24424,0.54721,24.47,62.23,1003.99,Pattern_D
PB_139,0.63508,0.41724,0.76541,24.06,54.88,1008.01,Pattern_B
U_236,0.60034,0.43728,0.46995,25.33,52.21,1009.41,Unknown
PC_044,0.49755,0.62566,0.20712,26.32,42.4,1017.96,Pattern_C
PA_097,0.37349,0.80112,0.36485,25.16,44.7,1009.92,Pattern_A
PB_285,0.68888,0.52713,0.74913,24.7,56.2,1006.13,Pattern_B
U_015,0.39411,0.50536,0.47621,26.19,50.67,1011.89,Unknown
PA_157,0.2367,0.71429,0.43642,25.39,50.47,1013.6,Pattern_A
PB_120,0.68681,0.38188,0.76066,25.15,56.22,1004.92,Pattern_B
PB_111,0.61073,0.33464,0.75072,23.97,53.45,1006.61,Pattern_B
U_023,0.45992,0.59824,0.49059,26.1,55.73,1008.16,Unknown
PB_178,0.63691,0.61887,0.69484,23.93,56.12,1010.75,Pattern_B
PB_215,0.6541,0.46806,0.6903,24.09,55.34,1009.74,Pattern_B
U_086,0.44899,0.53704,0.58868,25.18,50.41,1007.92,Unknown
U_254,0.5572,0.47364,0.41009,26.53,52.85,1009.42,Unknown
PD_219,0.82407,0.39749,0.65143,23.62,62.41,1003.59,Pattern_D
PB_148,0.73476,0.37514,0.67087,24.56,51.14,1007.57,Pattern_B
PA_179,0.37948,0.71497,0.36819,24.5,49.5,1009.13,Pattern_A
PB_091,0.76137,0.40765,0.63671,24.42,56.79,1006.25,Pattern_B
U_090,0.56287,0.40647,0.56471,25.3,51.94,1011.01,Unknown
U_108,0.46952,0.42105,0.55508,25.95,53.27,1010.71,Unknown
U_167,0.489,0.38595,0.438,25.52,52.81,1006.94,Unknown
PD_148,0.81423,0.22495,0.59691,23.22,64.71,1003.28,Pattern_D
PD_243,0.77904,0.21598,0.55482,23.81,59.78,1007.97,Pattern_D
PC_035,0.57406,0.42937,0.23009,26.07,44.78,1015.73,Pattern_C
PC_266,0.52586,0.63324,0.29966,26.26,48.11,1016.69,Pattern_C
PC_188,0.5172,0.57682,0.29483,26.51,44.29,1013.1,Pattern_C
PC_145,0.57424,0.635,0.27928,25.86,50.34,1013.53,Pattern_C
PC_260,0.55638,0.54308,0.24116,26.22,43.63,1011.19,Pattern_C
PA_295,0.24215,0.71062,0.307,25.38,47.98,1017.06,Pattern_A
PB_245,0.65302,0.44568,0.59503,24.48,54.31,1006.53,Pattern_B
U_163,0.46205,0.46335,0.52911,24.94,50.5,1009.71,Unknown
PA_089,0.3142,0.82171,0.35829,24.58,49.01,1012.81,Pattern_A
PD_132,0.79261,0.30429,0.68286,23.7,61.62,1006.54,Pattern_D
U_180,0.5422,0.45004,0.44043,25.36,53.57,1010.73,Unknown
PB_277,0.693,0.35869,0.74633,24.85,55.22,1005.46,Pattern_B
PD_007,0.74759,0.29505,0.59939,24.02,61.99,1002.61,Pattern_D
U_188,0.37796,0.51386,0.46609,25.74,51.52,1010.43,Unknown
PD_192,0.77833,0.40972,0.40995,23.37,62.01,1003.05,Pattern_D
PD_044,0.78041,0.31097,0.60273,23.91,61.42,1005.52,Pattern_D
PA_291,0.27863,0.81603,0.41039,24.41,51.48,1010.61,Pattern_A
U_219,0.47795,0.4493,0.42963,25.33,51.29,1008.89,Unknown
PD_119,0.85178,0.25313,0.56358,23.7,62.32,1003.74,Pattern_D
PB_049,0.64539,0.45041,0.77171,24.78,55.29,1009.47,Pattern_B
PB_268,0.64078,0.48837,0.66906,23.94,56.56,1011.01,Pattern_B
U_213,0.49638,0.56765,0.51231,24.77,52.45,1013.68,Unknown
PD_159,0.81528,0.30058,0.60298,23.43,66.55,1003.96,Pattern_D
PB_300,0.65929,0.58203,0.73435,24.24,51.1,1010.51,Pattern_B
PB_159,0.67083,0.46873,0.78349,24.32,51.44,1008.2,Pattern_B
PB_076,0.62299,0.41451,0.80051,23.43,57.27,1005.87,Pattern_B
PB_034,0.6508,0.56392,0.73288,24.2,55.95,1008.45,Pattern_B
PC_157,0.4697,0.61955,0.21361,26.31,47.33,1015.49,Pattern_C
U_124,0.51263,0.51995,0.49462,25.74,53.64,1010.36,Unknown
PC_112,0.47604,0.62227,0.34948,25.92,42.2,1013.05,Pattern_C
U_190,0.55015,0.4645,0.56999,25.46,48.58,1012.71,Unknown
PB_267,0.63029,0.40309,0.64851,24.28,55.88,1009.48,Pattern_B
PB_029,0.65632,0.47178,0.74585,24.36,55.23,1011.05,Pattern_B
PB_019,0.65416,0.4483,0.71317,24.73,56.21,1002.75,Pattern_B
U_103,0.42635,0.51647,0.46224,24.26,53.43,1008.13,Unknown
PD_053,0.80106,0.46707,0.4895,23.69,61.98,1004.17,Pattern_D
PA_013,0.24943,0.75232,0.38855,25.31,49.06,1012.29,Pattern_A
PA_172,0.18009,0.72234,0.37972,25.47,52.61,1012.36,Pattern_A
PA_261,0.27844,0.7291,0.33101,24.48,47.93,1010.86,Pattern_A
PC_220,0.58582,0.60665,0.17626,25.98,45.62,1016.75,Pattern_C
U_295,0.58371,0.53527,0.47988,25.37,52.79,1007.97,Unknown
PC_197,0.47325,0.51511,0.27571,26.01,44.23,1017.21,Pattern_C
PA_139,0.36678,0.54627,0.40376,25.7,47.52,1011.32,Pattern_A
PB_250,0.64794,0.46032,0.78653,24.47,54.03,1008.27,Pattern_B
PC_016,0.55951,0.59444,0.16367,25.4,47.82,1013.58,Pattern_C
PC_246,0.4937,0.59683,0.39483,25.88,47.73,1015.07,Pattern_C
PC_178,0.55118,0.55485,0.43124,26.4,47.87,1016.43,Pattern_C
PB_259,0.70966,0.36039,0.7639,24.69,56.82,1006.55,Pattern_B
PA_140,0.25859,0.66187,0.36042,25.64,54.04,1011.4,Pattern_A
U_110,0.45863,0.42175,0.51035,25.51,51.49,1011.85,Unknown
PD_124,0.77249,0.3941,0.68048,23.96,66.32,1004.92,Pattern_D
PA_225,0.24322,0.87014,0.39961,24.67,52.02,1011.8,Pattern_A
PD_064,0.85207,0.26105,0.5633,23.11,59.4,1004.07,Pattern_D
PB_110,0.65742,0.42582,0.81976,24.23,50.95,1004.55,Pattern_B
PB_026,0.6831,0.43595,0.65342,24.21,55.47,1006.16,Pattern_B
PA_300,0.19813,0.69883,0.36036,24.93,48.76,1011.2,Pattern_A
PD_094,0.70034,0.38071,0.55544,23.17,65.51,1004.88,Pattern_D
PD_133,0.70705,0.28564,0.55266,23.74,63.87,1006.0,Pattern_D
PC_071,0.53075,0.62352,0.1986,25.31,43.05,1013.26,Pattern_C
U_280,0.47333,0.40283,0.5157,24.89,50.97,1008.56,Unknown
PD_047,0.68948,0.32489,0.59389,24.18,60.83,1008.41,Pattern_D
U_070,0.39503,0.42589,0.57961,25.87,51.44,1012.47,Unknown
PB_274,0.66437,0.54513,0.87894,24.52,55.14,1007.33,Pattern_B
PB_204,0.70083,0.28709,0.68648,25.18,55.88,1006.63,Pattern_B
PD_138,0.78113,0.34932,0.58143,23.67,61.93,1006.61,Pattern_D
PA_004,0.34831,0.71675,0.36891,24.69,52.69,1011.72,Pattern_A
U_269,0.4993,0.50163,0.46866,26.35,52.93,1010.96,Unknown
PB_168,0.72809,0.35618,0.70867,24.55,58.8,1004.55,Pattern_B
PB_022,0.64793,0.35388,0.81197,24.83,51.22,1007.27,Pattern_B
PA_006,0.41779,0.69358,0.34927,24.63,51.36,1014.03,Pattern_A
PD_074,0.77809,0.20726,0.54506,23.67,61.98,1005.86,Pattern_D
PB_248,0.64936,0.50479,0.71557,24.95,52.01,1009.93,Pattern_B
U_277,0.41687,0.53127,0.47413,24.97,55.36,1010.83,Unknown
PA_040,0.2599,0.67748,0.25116,24.93,47.66,1011.05,Pattern_A
PB_243,0.60272,0.4828,0.73778,24.65,53.58,1010.96,Pattern_B
PA_243,0.29421,0.69431,0.46803,24.95,55.06,1012.16,Pattern_A
PA_137,0.27789,0.73587,0.39639,24.49,48.94,1014.59,Pattern_A
PC_003,0.48813,0.56988,0.16884,26.39,47.62,1013.74,Pattern_C
PC_173,0.4707,0.52344,0.29879,25.46,38.08,1013.12,Pattern_C
PC_247,0.54285,0.60455,0.33087,25.69,42.84,1013.85,Pattern_C
PD_191,0.69429,0.34224,0.62076,24.27,61.05,1004.93,Pattern_D
U_166,0.51304,0.58095,0.5337,25.25,54.43,1008.86,Unknown
PB_282,0.72031,0.43726,0.76537,24.39,52.33,1006.28,Pattern_B
U_275,0.55125,0.54168,0.4908,24.41,52.86,1012.65,Unknown
PC_189,0.53787,0.57877,0.27064,25.87,49.93,1010.97,Pattern_C
U_189,0.43738,0.52619,0.4287,26.51,56.92,1012.94,Unknown
PB_077,0.69826,0.43603,0.82508,24.75,49.77,1006.59,Pattern_B
PB_015,0.56957,0.43734,0.69619,24.59,51.57,1008.98,Pattern_B
PB_143,0.75076,0.36626,0.75876,24.24,55.59,1006.29,Pattern_B
PB_020,0.74547,0.2219,0.72304,24.96,54.3,1005.36,Pattern_B
U_279,0.45135,0.43666,0.58678,26.16,47.87,1010.99,Unknown
PC_194,0.46572,0.56449,0.29075,27.29,45.66,1017.89,Pattern_C
PD_233,0.79956,0.25298,0.58391,24.66,61.23,1005.69,Pattern_D
PB_125,0.67749,0.38834,0.74129,25.41,51.18,1008.9,Pattern_B
PB_254,0.74244,0.4703,0.66362,24.36,55.36,1009.4,Pattern_B
PB_295,0.75597,0.52898,0.80304,23.96,56.08,1009.53,Pattern_B
PC_294,0.49639,0.5913,0.2499,26.06,49.23,1014.42,Pattern_C
U_282,0.4712,0.43433,0.6055,25.24,51.61,1011.3,Unknown
U_018,0.44947,0.46229,0.49731,25.3,52.71,1006.73,Unknown
PD_265,0.72017,0.32623,0.51326,24.13,60.54,1002.82,Pattern_D
PA_228,0.20467,0.77603,0.35722,25.17,47.52,1014.39,Pattern_A
PC_115,0.49743,0.71,0.23715,25.69,44.71,1015.74,Pattern_C
PC_211,0.43222,0.63869,0.31998,26.23,43.09,1015.16,Pattern_C
PD_080,0.70963,0.37219,0.54987,23.51,64.82,1007.08,Pattern_D
PD_176,0.82402,0.32051,0.56069,23.95,61.95,1003.8,Pattern_D
PA_067,0.34181,0.7349,0.4118,24.68,49.6,1012.35,Pattern_A
PB_094,0.74651,0.52214,0.8542,24.05,54.23,1008.86,Pattern_B
PB_280,0.608,0.4597,0.63175,24.4,57.5,1008.03,Pattern_B
PD_090,0.69287,0.22451,0.51271,24.14,62.54,1006.1,Pattern_D
PA_212,0.25402,0.76304,0.41901,25.27,53.38,1014.61,Pattern_A
PD_260,0.76871,0.29731,0.55973,24.08,60.42,1004.66,Pattern_D
PC_182,0.44943,0.50247,0.2683,25.73,47.44,1015.53,Pattern_C
PB_237,0.60757,0.49854,0.89405,24.95,58.14,1008.15,Pattern_B
PC_175,0.51767,0.5457,0.27647,25.66,45.37,1014.57,Pattern_C
PC_062,0.46529,0.53211,0.24292,25.53,41.56,1015.39,Pattern_C
PA_086,0.21415,0.70067,0.38597,24.96,51.74,1012.62,Pattern_A
U_150,0.40862,0.42856,0.48718,25.26,51.96,1013.2,Unknown
U_017,0.46763,0.45407,0.50294,25.53,52.36,1008.92,Unknown
PD_016,0.766,0.14695,0.56755,23.55,63.72,1005.63,Pattern_D
PC_061,0.59202,0.68712,0.31102,25.8,44.47,1013.55,Pattern_C
U_151,0.54859,0.45968,0.4275,26.1,51.89,1006.89,Unknown
PC_031,0.54063,0.47959,0.22328,26.61,49.01,1012.81,Pattern_C
PD_134,0.73882,0.30889,0.66943,23.43,62.32,1004.65,Pattern_D
U_200,0.50659,0.44492,0.45969,25.72,49.48,1011.39,Unknown
PD_193,0.76579,0.29181,0.54054,23.83,63.38,1004.57,Pattern_D
PA_274,0.30046,0.70675,0.29173,25.23,44.69,1013.17,Pattern_A
PC_123,0.60407,0.6664,0.31464,25.62,45.33,1014.15,Pattern_C
PB_063,0.66352,0.34092,0.7801,24.52,56.06,1008.91,Pattern_B
PC_023,0.67649,0.57564,0.28426,25.8,43.93,1017.78,Pattern_C
PA_003,0.30363,0.79327,0.40805,24.61,50.81,1010.27,Pattern_A
PA_007,0.29373,0.66539,0.33053,25.29,51.64,1012.98,Pattern_A
PB_012,0.6685,0.4641,0.73775,24.61,56.92,1006.99,Pattern_B
PD_268,0.74044,0.28649,0.53434,24.12,58.47,1002.16,Pattern_D
PD_039,0.81707,0.42468,0.46025,24.48,55.9,1006.69,Pattern_D
U_278,0.459,0.39552,0.62284,25.49,55.07,1011.61,Unknown
PA_216,0.30933,0.69146,0.35633,24.04,50.57,1013.52,Pattern_A
U_121,0.4789,0.5425,0.4502,24.75,51.22,1007.12,Unknown
PA_028,0.41707,0.66661,0.43031,24.59,52.05,1012.69,Pattern_A
U_266,0.39386,0.56879,0.56077,25.66,52.37,1012.49,Unknown
PD_125,0.83243,0.27067,0.54912,23.5,57.47,1007.32,Pattern_D
PC_186,0.54345,0.56354,0.34657,25.6,43.72,1017.95,Pattern_C
PC_039,0.53294,0.52686,0.22195,26.96,44.61,1013.61,Pattern_C
PC_230,0.49545,0.55969,0.28889,26.25,47.48,1013.72,Pattern_C
PC_227,0.5244,0.46187,0.31653,25.59,43.54,1016.13,Pattern_C
PC_025,0.67398,0.57617,0.17999,26.4,43.4,1017.34,Pattern_C
PC_250,0.54801,0.58357,0.34454,27.04,42.92,1013.16,Pattern_C
PA_257,0.34121,0.61032,0.32418,25.68,49.43,1013.51,Pattern_A
PA_026,0.29128,0.65268,0.27952,24.78,49.88,1015.18,Pattern_A
PB_037,0.67846,0.37708,0.79491,24.71,55.03,1006.58,Pattern_B
PB_273,0.66125,0.42697,0.68324,24.74,53.57,1008.18,Pattern_B
PA_048,0.35101,0.74954,0.31337,24.79,50.58,1012.09,Pattern_A
PA_107,0.28955,0.64763,0.41477,25.24,46.71,1013.26,Pattern_A
PB_050,0.6852,0.471,0.81225,24.14,51.02,1010.78,Pattern_B
PA_056,0.38312,0.76144,0.33806,24.54,50.07,1009.81,Pattern_A
PC_209,0.47943,0.6016,0.26072,25.91,49.48,1011.83,Pattern_C
PA_214,0.32,0.70583,0.45162,24.02,45.57,1013.43,Pattern_A
PA_121,0.29471,0.79332,0.24316,24.33,47.97,1014.63,Pattern_A
PC_270,0.54956,0.55359,0.23304,26.54,46.95,1016.08,Pattern_C
PC_256,0.46849,0.60078,0.28078,25.38,43.81,1014.42,Pattern_C
PA_073,0.29279,0.60099,0.4357,24.73,48.83,1010.07,Pattern_A
U_181,0.50218,0.45607,0.47757,25.42,53.59,1011.51,Unknown
PC_121,0.48063,0.60651,0.19026,26.05,42.95,1014.2,Pattern_C
PA_046,0.26031,0.74057,0.37416,25.94,53.46,1012.69,Pattern_A
U_064,0.55394,0.46872,0.56513,25.92,53.47,1006.78,Unknown
PB_224,0.70956,0.54819,0.74865,25.86,54.5,1008.46,Pattern_B
PC_269,0.49834,0.51317,0.30279,26.33,43.79,1014.21,Pattern_C
PD_208,0.74882,0.23215,0.54441,23.81,60.27,1005.17,Pattern_D
U_075,0.50506,0.54967,0.36788,26.12,51.69,1006.61,Unknown
PC_203,0.51904,0.59742,0.29049,24.94,49.14,1014.73,Pattern_C
PB_234,0.73636,0.39281,0.72558,25.02,54.33,1009.99,Pattern_B
PD_238,0.90902,0.36884,0.59639,24.33,57.65,1000.4,Pattern_D
PC_004,0.53915,0.58274,0.2997,25.72,43.06,1016.89,Pattern_C
PB_166,0.76138,0.41295,0.71285,24.27,57.42,1009.22,Pattern_B
U_003,0.48977,0.44299,0.44285,24.83,48.56,1009.33,Unknown
U_078,0.44582,0.41347,0.46746,25.98,51.71,1008.75,Unknown
U_244,0.51495,0.51449,0.47791,25.63,52.41,1011.08,Unknown
PD_089,0.81252,0.31118,0.61174,23.49,61.46,1004.96,Pattern_D
PA_061,0.29161,0.74492,0.43999,24.52,49.72,1014.67,Pattern_A
PC_286,0.46596,0.53281,0.30952,25.92,44.94,1016.93,Pattern_C
PA_093,0.3163,0.85228,0.37477,24.86,48.34,1010.14,Pattern_A
PC_067,0.57564,0.58403,0.24102,25.44,45.56,1016.61,Pattern_C
PC_106,0.58394,0.6458,0.22234,26.63,47.7,1016.08,Pattern_C
PA_195,0.24582,0.66405,0.52745,25.81,49.09,1011.35,Pattern_A
PA_281,0.21746,0.65335,0.34773,25.55,48.59,1013.15,Pattern_A
PC_096,0.57838,0.63946,0.28442,25.66,42.64,1014.08,Pattern_C
PB_060,0.69234,0.45906,0.77995,24.14,56.49,1006.66,Pattern_B
PB_220,0.6958,0.46867,0.71999,24.43,53.19,1005.75,Pattern_B
PC_213,0.44565,0.52206,0.21753,25.8,47.06,1016.04,Pattern_C
PC_168,0.51703,0.63623,0.27306,26.09,42.67,1017.33,Pattern_C
PA_183,0.34372,0.73172,0.34064,25.55,53.47,1012.89,Pattern_A
U_287,0.51136,0.50496,0.48707,25.01,53.24,1011.1,Unknown
PA_111,0.20694,0.71886,0.32585,24.85,49.82,1008.93,Pattern_A
PA_043,0.39508,0.65585,0.36528,25.35,50.96,1011.32,Pattern_A
PD_107,0.76334,0.33535,0.53157,24.14,66.69,1004.89,Pattern_D
PA_205,0.25045,0.75406,0.42372,24.74,51.23,1013.02,Pattern_A
PC_221,0.50144,0.65382,0.29123,25.41,41.89,1017.02,Pattern_C
PA_053,0.39592,0.74853,0.42968,24.87,50.15,1010.74,Pattern_A
PB_246,0.73948,0.39879,0.74935,24.33,50.78,1005.96,Pattern_B
PD_232,0.68308,0.25801,0.49272,23.52,63.64,1004.32,Pattern_D
PD_258,0.74915,0.32339,0.58818,24.34,66.3,1006.37,Pattern_D
U_268,0.46951,0.44717,0.568,26.25,50.35,1009.53,Unknown
PD_011,0.8107,0.28953,0.51621,23.74,59.85,1005.88,Pattern_D
PA_184,0.35355,0.80073,0.44781,25.28,51.32,1012.94,Pattern_A
PA_138,0.23609,0.58242,0.26829,25.01,50.07,1011.79,Pattern_A
PD_250,0.77492,0.24474,0.58554,23.26,59.73,1002.37,Pattern_D
PA_081,0.31227,0.81316,0.38549,25.26,49.88,1011.69,Pattern_A
U_013,0.39965,0.49991,0.43899,25.23,56.76,1009.54,Unknown
PA_106,0.3886,0.88571,0.35568,24.13,49.32,1011.48,Pattern_A
PB_242,0.63359,0.33226,0.81234,24.58,57.53,1007.92,Pattern_B
U_114,0.4353,0.51934,0.46521,25.88,52.13,1012.74,Unknown
PB_181,0.69681,0.4781,0.80514,25.01,55.0,1008.55,Pattern_B
PA_166,0.34788,0.81615,0.48766,25.59,49.76,1012.63,Pattern_A
PA_249,0.31806,0.73162,0.34302,24.99,48.63,1010.07,Pattern_A
PB_008,0.72834,0.32267,0.68138,23.58,55.07,1005.99,Pattern_B
PB_147,0.76612,0.45306,0.6536,24.7,57.71,1007.6,Pattern_B
PC_147,0.53417,0.56642,0.32549,26.18,45.47,1014.92,Pattern_C
PB_035,0.60274,0.49297,0.75435,24.0,57.62,1009.13,Pattern_B
PA_098,0.28384,0.65031,0.42286,25.9,47.41,1010.49,Pattern_A
PC_160,0.61796,0.70553,0.30158,26.21,46.74,1012.74,Pattern_C
PC_138,0.4418,0.55478,0.21977,26.33,45.38,1012.5,Pattern_C
PC_237,0.46863,0.56682,0.20857,26.4,43.29,1016.97,Pattern_C
PD_043,0.82274,0.33907,0.54711,23.72,57.71,1004.4,Pattern_D
PA_103,0.22169,0.74901,0.3316,24.42,51.57,1012.43,Pattern_A
PB_135,0.74484,0.36166,0.70043,24.41,56.82,1005.6,Pattern_B
PA_075,0.28115,0.624,0.44403,24.85,52.45,1012.69,Pattern_A
U_141,0.45393,0.47827,0.54539,24.57,50.85,1010.66,Unknown
PD_225,0.80888,0.32144,0.56159,24.1,61.97,1004.34,Pattern_D
U_160,0.49924,0.40379,0.48838,24.72,52.08,1009.64,Unknown
PB_003,0.69506,0.41954,0.77021,24.29,56.46,1009.68,Pattern_B
U_063,0.4493,0.49945,0.49915,25.41,51.78,1009.96,Unknown
U_024,0.45333,0.40286,0.4262,25.8,51.57,1010.09,Unknown
PC_134,0.46423,0.51767,0.27709,25.79,43.49,1017.78,Pattern_C
PB_089,0.68932,0.48498,0.70587,23.8,55.57,1007.94,Pattern_B
PA_236,0.27696,0.86493,0.28592,25.57,53.01,1010.47,Pattern_A
U_046,0.49068,0.49447,0.46206,25.22,54.69,1011.14,Unknown
PA_268,0.36955,0.62759,0.36126,25.61,51.12,1012.35,Pattern_A
PB_006,0.7211,0.42373,0.69296,24.69,56.27,1008.16,Pattern_B
PA_118,0.24331,0.7163,0.44295,24.56,48.0,1013.01,Pattern_A
U_012,0.4503,0.51004,0.61175,25.71,53.25,1011.21,Unknown
PC_074,0.48187,0.58871,0.28553,25.93,44.93,1012.4,Pattern_C
PA_250,0.28055,0.64824,0.39937,24.48,51.57,1009.87,Pattern_A
PD_194,0.75507,0.28923,0.57955,23.02,63.02,1004.19,Pattern_D
PD_180,0.68436,0.24328,0.57714,22.85,60.8,1004.55,Pattern_D
PA_072,0.3442,0.83185,0.29707,25.18,47.71,1012.85,Pattern_A
PA_095,0.34951,0.76806,0.37042,24.71,51.21,1012.34,Pattern_A
PC_248,0.52548,0.58565,0.32262,26.59,42.85,1013.68,Pattern_C
PA_034,0.29972,0.70938,0.40025,25.63,50.2,1013.16,Pattern_A
PD_201,0.82858,0.28013,0.6185,23.9,63.58,1002.58,Pattern_D
PB_149,0.75078,0.29587,0.68323,24.04,54.86,1007.34,Pattern_B
PB_146,0.71801,0.51334,0.73214,24.72,54.47,1008.66,Pattern_B
PC_172,0.49031,0.65116,0.2381,25.53,41.13,1012.18,Pattern_C
PC_117,0.50562,0.55713,0.38065,25.92,44.02,1016.97,Pattern_C
PC_287,0.56175,0.68644,0.16411,26.11,46.53,1012.25,Pattern_C
U_045,0.48661,0.49894,0.47599,25.88,52.33,1011.42,Unknown
PD_001,0.76283,0.34755,0.50059,23.8,62.52,1007.08,Pattern_D
PD_136,0.7456,0.37885,0.63963,23.89,63.67,1004.48,Pattern_D
PA_078,0.21257,0.58526,0.31296,24.79,49.35,1015.49,Pattern_A
PA_085,0.13695,0.68467,0.52522,25.2,48.77,1012.84,Pattern_A
PC_235,0.53291,0.49661,0.18091,26.19,43.21,1015.54,Pattern_C
PA_083,0.28426,0.74951,0.36148,25.42,45.97,1011.4,Pattern_A
PB_158,0.63427,0.30454,0.82117,25.02,57.3,1007.15,Pattern_B
PD_019,0.78941,0.32767,0.60414,23.81,58.61,1003.88,Pattern_D
PC_077,0.56762,0.64637,0.31532,25.96,45.54,1016.91,Pattern_C
PD_085,0.8745,0.28442,0.58316,23.41,63.58,1007.46,Pattern_D
U_040,0.42607,0.32789,0.56473,25.55,50.36,1012.11,Unknown
PB_137,0.67958,0.48047,0.71373,25.25,53.49,1006.77,Pattern_B
PC_171,0.45917,0.59728,0.28405,26.38,49.05,1015.7,Pattern_C
PC_045,0.42563,0.52898,0.30504,26.75,45.69,1016.01,Pattern_C
PD_220,0.72546,0.22549,0.55375,23.91,57.79,1004.92,Pattern_D
PD_006,0.69709,0.3205,0.51481,24.26,59.94,1003.79,Pattern_D
PD_294,0.78755,0.21867,0.5746,23.9,61.08,1005.61,Pattern_D
PB_105,0.68555,0.4937,0.88641,24.24,54.96,1011.28,Pattern_B
U_104,0.50569,0.56053,0.50101,25.95,52.34,1012.86,Unknown
PD_034,0.79589,0.27835,0.68139,24.4,63.39,1005.68,Pattern_D
U_286,0.52292,0.36943,0.42333,25.73,54.34,1009.71,Unknown
PA_105,0.32591,0.68533,0.3553,25.61,47.71,1007.66,Pattern_A
PC_010,0.55428,0.62262,0.26603,26.86,43.0,1015.01,Pattern_C
U_256,0.51665,0.46851,0.51686,25.43,51.45,1008.44,Unknown
PC_089,0.50824,0.53648,0.34103,25.66,45.77,1014.87,Pattern_C
PD_049,0.81304,0.24175,0.68868,23.64,61.41,1007.59,Pattern_D
PD_032,0.74896,0.3509,0.56876,23.35,62.14,1005.31,Pattern_D
PA_063,0.34712,0.77472,0.41325,26.05,49.55,1008.39,Pattern_A
PA_282,0.27039,0.73612,0.37152,25.39,48.82,1009.17,Pattern_A
PC_179,0.62191,0.54884,0.12636,25.8,46.23,1015.27,Pattern_C
U_194,0.5946,0.47603,0.45057,25.37,53.92,1009.07,Unknown
PA_239,0.33601,0.76846,0.36374,24.58,48.09,1009.06,Pattern_A
PA_224,0.44909,0.7061,0.33213,25.19,50.97,1011.05,Pattern_A
PA_146,0.31534,0.65449,0.42346,25.03,45.84,1008.47,Pattern_A
U_199,0.50467,0.55631,0.4784,25.17,51.5,1007.91,Unknown
PB_074,0.63036,0.40018,0.83376,24.14,51.93,1009.7,Pattern_B
U_029,0.55421,0.51211,0.54121,25.77,48.96,1008.42,Unknown
PA_119,0.28782,0.76209,0.37918,25.32,47.72,1011.98,Pattern_A
PD_267,0.76294,0.23213,0.58457,24.01,58.79,1003.4,Pattern_D
PA_251,0.26885,0.6794,0.45951,25.15,49.53,1012.9,Pattern_A
U_245,0.51326,0.30062,0.48557,25.73,51.1,1010.07,Unknown
PD_123,0.82905,0.20444,0.62416,23.79,59.67,1001.25,Pattern_D
PA_010,0.27413,0.67847,0.36349,25.67,48.1,1013.74,Pattern_A
PB_150,0.75695,0.48203,0.78972,24.57,55.87,1006.45,Pattern_B
PC_283,0.53864,0.75779,0.28615,26.66,43.37,1014.92,Pattern_C
PC_109,0.4855,0.69527,0.26394,25.8,46.06,1011.69,Pattern_C
PA_256,0.33054,0.74011,0.43889,24.48,54.42,1010.27,Pattern_A
PB_294,0.71197,0.36629,0.80306,24.55,52.24,1007.69,Pattern_B
PB_090,0.65297,0.4255,0.92605,24.88,57.31,1009.52,Pattern_B
PD_188,0.83895,0.33955,0.59258,24.29,64.02,1005.68,Pattern_D
U_001,0.52657,0.51803,0.53225,25.53,50.85,1008.53,Unknown
PB_258,0.77282,0.47084,0.6719,24.4,55.56,1008.32,Pattern_B
U_088,0.51021,0.3357,0.48072,26.23,51.52,1012.68,Unknown
PC_240,0.57576,0.50437,0.32278,25.65,41.37,1012.98,Pattern_C
PB_161,0.6418,0.3149,0.72799,24.9,53.81,1006.75,Pattern_B
PC_124,0.5216,0.58376,0.15768,26.5,44.82,1014.13,Pattern_C
U_182,0.42466,0.51955,0.46096,25.71,51.58,1012.82,Unknown
PA_145,0.26186,0.77402,0.29947,24.82,48.71,1011.92,Pattern_A
PB_202,0.57145,0.48892,0.74378,24.83,60.19,1007.36,Pattern_B
PD_199,0.74441,0.30245,0.60299,24.57,63.73,1007.19,Pattern_D
PC_140,0.62494,0.65511,0.25463,26.37,41.93,1013.27,Pattern_C
U_185,0.40317,0.50375,0.41519,25.78,50.88,1010.02,Unknown
PC_132,0.50442,0.63972,0.18226,26.72,45.4,1017.31,Pattern_C
PB_240,0.65334,0.45548,0.82584,24.83,57.0,1005.93,Pattern_B
PA_178,0.27489,0.7936,0.34134,24.97,47.64,1012.82,Pattern_A
U_247,0.32323,0.44878,0.4188,25.6,52.34,1011.25,Unknown
PC_098,0.44206,0.75313,0.27826,26.17,45.88,1014.34,Pattern_C
PD_041,0.75736,0.17901,0.62151,24.59,64.49,1001.42,Pattern_D
PD_150,0.71701,0.17834,0.50492,23.85,64.16,1003.99,Pattern_D
PD_023,0.77761,0.31082,0.60143,23.28,60.03,1001.02,Pattern_D
PC_299,0.46882,0.58261,0.37626,25.36,41.44,1013.51,Pattern_C
U_293,0.40572,0.52607,0.53054,24.75,47.45,1011.87,Unknown
PA_008,0.2634,0.73509,0.387,25.1,51.92,1012.4,Pattern_A
PC_263,0.49624,0.53783,0.40359,25.92,49.65,1017.51,Pattern_C
PC_068,0.53503,0.74552,0.36579,25.86,44.3,1015.85,Pattern_C
PD_261,0.65047,0.412,0.56677,24.01,65.21,1005.54,Pattern_D
PB_058,0.82872,0.44563,0.71683,24.19,52.93,1009.69,Pattern_B
PC_184,0.57935,0.60052,0.32757,25.78,41.01,1015.48,Pattern_C
PC_136,0.59856,0.59122,0.32479,25.66,44.64,1013.44,Pattern_C
PB_030,0.60628,0.47004,0.64641,24.6,58.47,1008.88,Pattern_B
PD_156,0.85916,0.3107,0.56509,23.0,58.44,1001.7,Pattern_D
PD_249,0.778,0.36461,0.51693,23.63,58.96,1006.69,Pattern_D
PD_218,0.70712,0.405,0.51901,23.8,60.92,1004.38,Pattern_D
PA_259,0.33032,0.74571,0.28598,24.67,48.72,1011.34,Pattern_A
PD_276,0.80855,0.41446,0.61134,24.68,63.98,1001.75,Pattern_D
PB_073,0.60922,0.52288,0.70459,24.03,54.91,1007.84,Pattern_B
PD_204,0.84073,0.26164,0.57158,23.31,65.12,1005.71,Pattern_D
PD_026,0.81952,0.28973,0.61363,23.52,61.62,1005.3,Pattern_D
PA_143,0.34997,0.72202,0.39671,25.01,50.74,1012.76,Pattern_A
PB_226,0.69488,0.36092,0.78511,24.44,53.66,1006.6,Pattern_B
PD_239,0.75804,0.21039,0.5658,23.89,64.02,1002.95,Pattern_D
PD_108,0.70606,0.21259,0.62659,23.77,63.93,1004.04,Pattern_D
PD_222,0.84106,0.28612,0.68988,23.02,64.02,1004.82,Pattern_D
U_224,0.54659,0.48975,0.55135,25.11,51.43,1011.71,Unknown
PB_141,0.71238,0.41429,0.70184,24.07,58.18,1007.72,Pattern_B
PB_232,0.62604,0.37299,0.73856,23.89,51.87,1006.52,Pattern_B
U_002,0.55094,0.51971,0.4584,25.52,51.34,1007.97,Unknown
PA_227,0.27931,0.68704,0.35538,24.89,49.17,1013.65,Pattern_A
PD_137,0.77954,0.25699,0.63424,23.49,65.27,1004.43,Pattern_D
PA_229,0.36851,0.78237,0.28911,25.37,50.89,1009.11,Pattern_A
U_080,0.48146,0.38663,0.4877,25.22,51.11,1008.65,Unknown
U_250,0.52463,0.51169,0.56999,25.35,54.65,1007.54,Unknown
PA_213,0.27938,0.74425,0.34258,25.01,48.68,1014.92,Pattern_A
PA_080,0.33405,0.69795,0.44383,24.49,50.01,1016.68,Pattern_A
PA_149,0.16241,0.60924,0.33002,24.75,49.1,1012.07,Pattern_A
PC_215,0.54427,0.57733,0.29356,26.72,44.62,1017.12,Pattern_C
PD_004,0.76577,0.2213,0.63658,23.26,61.61,1004.93,Pattern_D
PD_059,0.73952,0.29156,0.60329,23.95,64.46,1007.07,Pattern_D
PC_072,0.48459,0.64126,0.26986,26.09,42.31,1014.17,Pattern_C
PD_256,0.70292,0.35285,0.58693,23.89,65.17,1004.21,Pattern_D
PB_256,0.68104,0.41775,0.64687,24.32,55.12,1007.49,Pattern_B
PD_008,0.82003,0.29656,0.6497,23.48,58.47,1004.94,Pattern_D
PA_134,0.35642,0.72253,0.3293,24.51,50.76,1012.68,Pattern_A
PD_209,0.7269,0.19204,0.62916,23.59,60.16,1003.03,Pattern_D
PC_224,0.55848,0.53802,0.30224,25.77,44.42,1013.64,Pattern_C
PB_109,0.72229,0.47324,0.72789,24.32,56.19,1006.51,Pattern_B
PB_069,0.7136,0.39178,0.80742,24.94,57.84,1011.2,Pattern_B
PB_208,0.63106,0.388,0.77205,24.33,56.07,1008.94,Pattern_B
PD_282,0.74188,0.25871,0.63027,23.78,59.7,1001.97,Pattern_D
PB_205,0.67063,0.42086,0.80414,23.89,53.15,1008.49,Pattern_B
U_289,0.4638,0.42513,0.55333,24.86,49.81,1009.41,Unknown
PB_048,0.61655,0.4303,0.82134,24.85,54.79,1007.16,Pattern_B
PB_087,0.66414,0.44632,0.89406,24.38,55.92,1010.26,Pattern_B
PA_001,0.31676,0.6524,0.42503,25.42,45.71,1009.66,Pattern_A
PB_061,0.65132,0.35864,0.83807,24.79,56.33,1010.24,Pattern_B
PC_295,0.53604,0.72966,0.247,26.82,45.01,1018.21,Pattern_C
PC_229,0.50171,0.62207,0.26931,25.36,47.18,1010.07,Pattern_C
U_216,0.49517,0.60351,0.52749,25.81,51.09,1009.56,Unknown
PB_176,0.67147,0.51301,0.84211,24.61,53.19,1010.84,Pattern_B
U_081,0.46421,0.5046,0.49283,24.66,50.36,1007.27,Unknown
PA_058,0.30396,0.7469,0.47697,24.07,48.7,1013.06,Pattern_A
PC_038,0.51649,0.5863,0.26026,25.88,46.88,1015.42,Pattern_C
U_131,0.42123,0.4839,0.50044,25.12,52.79,1010.26,Unknown
PD_154,0.7294,0.3635,0.49769,23.69,62.23,1004.09,Pattern_D
U_171,0.41104,0.42976,0.44578,26.3,53.99,1009.24,Unknown
PA_173,0.27248,0.75154,0.34832,25.0,52.17,1011.0,Pattern_A
PB_151,0.72715,0.34772,0.81012,25.03,55.46,1007.68,Pattern_B
PA_126,0.30063,0.70055,0.3191,25.92,53.93,1014.04,Pattern_A
PD_280,0.84497,0.15189,0.61536,23.65,59.99,1005.61,Pattern_D
PB_231,0.62571,0.32263,0.71728,24.75,56.52,1005.54,Pattern_B
PC_258,0.49334,0.67013,0.17909,26.05,48.49,1013.63,Pattern_C
PC_114,0.49919,0.5377,0.36451,24.86,46.76,1014.17,Pattern_C
PA_091,0.20724,0.6663,0.39486,24.92,49.44,1011.71,Pattern_A
U_251,0.40364,0.3911,0.50055,26.04,50.68,1009.14,Unknown
PA_182,0.2231,0.61966,0.41919,24.88,48.69,1012.02,Pattern_A
PC_276,0.51466,0.69271,0.38257,26.67,46.73,1012.74,Pattern_C
PD_131,0.782,0.35497,0.46352,23.63,64.22,1002.39,Pattern_D
PC_187,0.56777,0.57673,0.29724,26.07,38.96,1013.37,Pattern_C
PB_115,0.67448,0.41257,0.76643,24.88,58.03,1008.0,Pattern_B
PA_252,0.1841,0.7172,0.49985,25.06,50.15,1012.99,Pattern_A
PA_070,0.28433,0.73286,0.44535,25.6,49.85,1014.44,Pattern_A
PC_204,0.55193,0.51042,0.25174,25.7,48.23,1013.95,Pattern_C
PA_132,0.30243,0.70681,0.31505,24.93,48.36,1009.75,Pattern_A
PB_001,0.67782,0.44876,0.74173,24.32,55.2,1004.54,Pattern_B
U_230,0.37754,0.49724,0.39184,25.51,55.61,1013.01,Unknown
PB_027,0.72994,0.34182,0.74282,24.24,55.36,1006.85,Pattern_B
U_265,0.4622,0.49763,0.59842,26.26,49.0,1009.37,Unknown
PD_214,0.81014,0.41523,0.6148,23.12,58.95,1004.28,Pattern_D
PB_200,0.6533,0.37018,0.6874,25.55,56.8,1007.4,Pattern_B
U_178,0.47748,0.47845,0.50214,25.62,54.94,1007.88,Unknown
PC_233,0.48899,0.55598,0.30572,26.48,44.24,1016.41,Pattern_C
PB_065,0.58427,0.42113,0.75269,24.29,59.42,1008.99,Pattern_B
PB_196,0.73654,0.41654,0.75816,24.24,55.26,1008.57,Pattern_B
U_195,0.49307,0.46917,0.46587,25.26,52.65,1008.24,Unknown
PB_039,0.6913,0.38892,0.83849,24.28,56.45,1007.29,Pattern_B
PB_122,0.67615,0.39586,0.82494,24.26,57.53,1008.98,Pattern_B
PA_165,0.32059,0.76108,0.29574,25.15,49.33,1011.13,Pattern_A
PA_029,0.29138,0.71735,0.34071,25.2,49.0,1009.79,Pattern_A
PB_217,0.75307,0.37733,0.88079,24.77,52.76,1007.06,Pattern_B
PA_194,0.1652,0.62785,0.30878,24.84,49.44,1009.29,Pattern_A
U_128,0.59286,0.39899,0.58562,25.08,51.6,1011.13,Unknown
U_162,0.47827,0.39629,0.41828,25.31,50.49,1008.7,Unknown
PD_046,0.74946,0.3251,0.5817,23.66,61.28,1004.09,Pattern_D
U_161,0.4484,0.573,0.43063,25.82,56.81,1011.94,Unknown
PA_170,0.24252,0.65363,0.38313,24.88,49.26,1013.12,Pattern_A
PA_168,0.2772,0.7612,0.38018,25.15,51.47,1011.33,Pattern_A
PC_053,0.49383,0.51417,0.14578,25.89,44.3,1013.83,Pattern_C
PA_174,0.34431,0.76403,0.32271,25.44,51.54,1012.18,Pattern_A
PB_219,0.60886,0.36716,0.77411,25.05,58.56,1009.4,Pattern_B
U_014,0.43929,0.54492,0.44314,25.3,54.75,1010.08,Unknown
U_201,0.45369,0.54534,0.47644,25.78,52.4,1011.34,Unknown
PD_013,0.80605,0.27488,0.59615,23.32,60.06,1006.14,Pattern_D
PB_192,0.768,0.44746,0.80356,25.03,52.43,1009.36,Pattern_B
PD_054,0.837,0.33071,0.58914,24.16,62.04,1010.72,Pattern_D
PA_074,0.26401,0.74781,0.36865,25.15,50.8,1014.38,Pattern_A
U_053,0.49655,0.48029,0.55763,25.44,53.74,1009.69,Unknown
PB_288,0.66283,0.31694,0.70477,25.21,55.85,1005.62,Pattern_B
PC_151,0.43816,0.67056,0.20154,26.36,43.46,1017.88,Pattern_C
PC_058,0.47392,0.6457,0.35422,25.98,47.88,1011.45,Pattern_C
PC_243,0.58023,0.5525,0.28187,25.99,44.4,1014.3,Pattern_C
PA_235,0.26806,0.76515,0.39535,25.29,49.98,1012.92,Pattern_A
PC_133,0.46085,0.53999,0.21029,26.11,45.15,1014.16,Pattern_C
PA_215,0.30333,0.73628,0.30042,24.99,54.41,1013.48,Pattern_A
PA_163,0.31227,0.76009,0.32002,24.53,52.43,1011.26,Pattern_A
PA_133,0.32812,0.74543,0.2728,24.94,52.19,1013.91,Pattern_A
U_112,0.4709,0.41888,0.55243,25.47,54.34,1009.65,Unknown
PA_223,0.34821,0.73756,0.40472,25.84,51.03,1013.18,Pattern_A
U_028,0.45456,0.55031,0.49755,25.54,51.03,1010.83,Unknown
PD_035,0.77516,0.21803,0.56703,23.85,62.5,1005.85,Pattern_D
PA_186,0.38181,0.70234,0.31087,24.89,50.22,1012.14,Pattern_A
PA_042,0.23968,0.8394,0.5543,24.47,49.19,1012.61,Pattern_A
PC_093,0.54068,0.54547,0.23889,25.75,45.79,1017.41,Pattern_C
PA_109,0.30904,0.69462,0.49087,24.92,53.67,1010.01,Pattern_A
PA_039,0.25307,0.70132,0.29219,24.73,50.69,1014.17,Pattern_A
PB_269,0.70714,0.41738,0.62829,23.59,55.28,1007.36,Pattern_B
PD_095,0.88492,0.37939,0.53211,23.76,62.27,1007.75,Pattern_D
U_143,0.49183,0.5061,0.48106,25.55,50.61,1012.27,Unknown
U_242,0.47279,0.50615,0.47262,25.38,51.78,1012.65,Unknown
PB_184,0.63255,0.47256,0.72637,23.87,57.25,1007.03,Pattern_B
PB_169,0.69531,0.33056,0.72194,24.34,54.07,1007.04,Pattern_B
PC_291,0.53034,0.61303,0.28727,25.09,44.82,1013.8,Pattern_C
PD_048,0.75911,0.24312,0.52038,23.02,65.37,1007.47,Pattern_D
PA_025,0.25529,0.693,0.34327,24.94,52.35,1012.28,Pattern_A
PD_110,0.7747,0.34189,0.54779,23.33,61.49,1006.98,Pattern_D
PD_293,0.84651,0.30876,0.6881,24.18,62.47,1005.45,Pattern_D
PA_069,0.19038,0.63573,0.29107,23.95,48.51,1013.35,Pattern_A
PC_285,0.60317,0.71726,0.28808,25.86,47.97,1016.28,Pattern_C
U_155,0.55484,0.37101,0.57509,26.09,53.89,1008.76,Unknown
PB_067,0.67008,0.42091,0.74709,24.13,53.81,1007.68,Pattern_B
PB_206,0.67451,0.45717,0.68623,24.66,57.4,1008.88,Pattern_B
PC_251,0.47172,0.7044,0.34254,25.94,45.08,1013.53,Pattern_C
U_116,0.47977,0.43882,0.47678,25.23,55.63,1008.68,Unknown
PB_084,0.65209,0.4001,0.73059,24.1,48.92,1007.22,Pattern_B
PC_135,0.51547,0.68255,0.248,26.11,44.88,1011.94,Pattern_C
PC_118,0.48027,0.56134,0.28061,26.0,45.57,1018.77,Pattern_C
U_136,0.50227,0.35972,0.5089,24.95,50.13,1012.08,Unknown
PB_155,0.6478,0.3959,0.70571,24.42,59.05,1005.72,Pattern_B
PA_265,0.29343,0.61464,0.23934,25.42,47.83,1011.18,Pattern_A
PA_076,0.29279,0.74267,0.49706,25.93,50.15,1012.29,Pattern_A
PD_015,0.82441,0.35173,0.69453,23.48,59.83,1003.7,Pattern_D
PA_233,0.27016,0.75004,0.26773,25.84,51.33,1011.67,Pattern_A
PB_145,0.65676,0.42772,0.73603,24.38,54.96,1006.82,Pattern_B
PB_096,0.61946,0.4045,0.75311,25.22,54.22,1003.61,Pattern_B
PC_012,0.52053,0.52846,0.17594,26.06,46.07,1015.95,Pattern_C
PA_177,0.30824,0.74673,0.3871,25.2,49.66,1014.62,Pattern_A
PA_019,0.34622,0.60772,0.40607,25.11,48.69,1009.4,Pattern_A
U_111,0.41942,0.40233,0.43855,25.34,49.3,1009.91,Unknown
U_022,0.51701,0.44056,0.43776,26.02,52.14,1014.49,Unknown
PB_042,0.71632,0.45236,0.76614,23.99,56.69,1005.8,Pattern_B
U_148,0.54733,0.39227,0.48819,25.47,54.28,1011.11,Unknown
PC_280,0.48364,0.48002,0.2874,25.79,44.03,1018.56,Pattern_C
PB_296,0.71991,0.47102,0.7818,24.47,53.66,1004.58,Pattern_B
PA_062,0.2591,0.66655,0.39214,25.38,50.03,1014.39,Pattern_A
U_061,0.50276,0.43038,0.45153,25.34,50.92,1007.38,Unknown
PA_273,0.30803,0.71889,0.39698,25.49,46.12,1013.75,Pattern_A
U_009,0.52986,0.43741,0.44186,25.29,49.88,1009.82,Unknown
PC_273,0.49021,0.73291,0.24244,25.89,43.06,1015.6,Pattern_C
PD_221,0.86338,0.37292,0.54489,23.17,63.01,1000.83,Pattern_D
U_207,0.52121,0.3979,0.55862,25.46,49.83,1012.41,Unknown
PA_279,0.31551,0.67459,0.37464,24.28,50.3,1012.81,Pattern_A
PA_037,0.3296,0.80693,0.37073,24.69,49.51,1012.44,Pattern_A
PC_063,0.5329,0.71055,0.2399,26.13,45.69,1014.54,Pattern_C
U_152,0.51918,0.53667,0.35445,25.13,51.76,1011.32,Unknown
PD_190,0.70024,0.39173,0.50971,23.29,61.48,1004.43,Pattern_D
PD_078,0.72297,0.33137,0.54355,23.06,61.37,1007.38,Pattern_D
PC_139,0.50962,0.50288,0.27681,25.26,46.16,1015.68,Pattern_C
PA_192,0.32602,0.69502,0.44114,25.46,50.4,1013.73,Pattern_A
PD_020,0.7576,0.27379,0.5845,24.44,63.79,1003.22,Pattern_D
PB_157,0.62806,0.40472,0.90749,25.13,53.12,1009.17,Pattern_B
PC_076,0.56892,0.59355,0.30395,25.76,46.26,1015.68,Pattern_C
PC_161,0.55543,0.55229,0.29911,25.9,46.1,1015.21,Pattern_C
U_153,0.45163,0.41591,0.54363,25.29,53.19,1008.0,Unknown
PC_129,0.51245,0.64785,0.18672,25.73,42.5,1018.19,Pattern_C
PB_113,0.69803,0.45797,0.70554,24.52,50.53,1008.38,Pattern_B
PC_226,0.58215,0.54606,0.27535,25.18,47.47,1018.72,Pattern_C
PC_017,0.48154,0.58923,0.21628,25.45,44.89,1013.4,Pattern_C
PA_115,0.27605,0.68886,0.42745,25.67,48.99,1011.24,Pattern_A
PB_118,0.73548,0.45149,0.83306,24.91,58.35,1008.65,Pattern_B
U_229,0.42682,0.42346,0.4361,25.7,47.67,1008.18,Unknown
PD_070,0.82241,0.27315,0.59635,23.68,62.96,1005.62,Pattern_D
PC_005,0.51649,0.73144,0.28278,25.58,47.7,1016.14,Pattern_C
U_235,0.5439,0.39832,0.60828,24.9,51.24,1008.29,Unknown
PA_090,0.21388,0.76144,0.34767,25.52,44.73,1010.58,Pattern_A
PC_249,0.44101,0.73197,0.29828,26.22,42.05,1015.0,Pattern_C
PD_246,0.77426,0.37532,0.56793,23.74,59.33,1006.37,Pattern_D
U_234,0.48821,0.45152,0.5241,25.87,50.78,1009.89,Unknown
PC_154,0.50411,0.48698,0.21663,26.14,44.7,1015.13,Pattern_C
PB_199,0.69221,0.50994,0.79844,25.23,54.87,1012.3,Pattern_B
PA_012,0.28082,0.68995,0.43148,24.91,47.19,1009.96,Pattern_A
PB_097,0.70774,0.37456,0.76256,24.46,54.4,1009.42,Pattern_B
PA_285,0.31303,0.84369,0.35279,25.12,52.25,1011.7,Pattern_A
PC_091,0.51196,0.82451,0.29711,25.83,48.12,1011.69,Pattern_C
U_031,0.47618,0.41845,0.50474,25.3,54.4,1009.71,Unknown
U_204,0.53629,0.49751,0.51728,25.33,52.51,1012.15,Unknown
PC_090,0.4621,0.56041,0.36297,26.09,42.78,1015.55,Pattern_C
PC_252,0.56895,0.57531,0.2644,26.27,44.59,1014.58,Pattern_C
PA_160,0.26083,0.80909,0.35096,26.01,50.0,1012.73,Pattern_A
PC_296,0.56126,0.61996,0.27606,25.72,45.17,1016.62,Pattern_C
PD_290,0.76067,0.463,0.53376,23.55,69.25,1005.76,Pattern_D
PA_258,0.31303,0.71318,0.46183,24.89,46.08,1010.55,Pattern_A
PB_036,0.61045,0.53552,0.79953,24.5,58.5,1008.29,Pattern_B
U_208,0.56048,0.48714,0.54253,25.85,55.07,1011.31,Unknown
PD_140,0.77139,0.28455,0.56974,23.21,59.72,1004.04,Pattern_D
PB_216,0.7481,0.37677,0.81624,24.15,59.02,1005.96,Pattern_B
PD_116,0.79204,0.21619,0.5599,23.57,63.02,1006.83,Pattern_D
PC_169,0.45729,0.57191,0.28586,26.9,44.07,1013.8,Pattern_C
U_117,0.40728,0.52174,0.48705,26.42,50.84,1011.52,Unknown
PC_162,0.35098,0.61163,0.31853,26.2,44.77,1017.96,Pattern_C
PD_203,0.77664,0.30415,0.68102,24.06,62.18,1004.94,Pattern_D
PB_222,0.67765,0.44684,0.71643,24.67,56.47,1006.79,Pattern_B
PA_023,0.33493,0.70556,0.29175,24.54,50.69,1013.51,Pattern_A
PB_057,0.69369,0.47501,0.77915,25.07,54.79,1007.4,Pattern_B
U_072,0.49697,0.36035,0.48864,25.36,54.26,1006.68,Unknown
PB_041,0.73075,0.4629,0.87499,24.16,51.97,1006.21,Pattern_B
PB_132,0.68455,0.51166,0.77856,24.78,53.17,1011.89,Pattern_B
PB_174,0.7458,0.4249,0.74993,24.99,56.28,1009.32,Pattern_B
PA_218,0.33378,0.769,0.36493,23.88,47.81,1014.22,Pattern_A
PD_012,0.82437,0.39599,0.60231,24.22,61.35,1004.14,Pattern_D
U_005,0.43671,0.47742,0.42424,25.74,49.94,1011.65,Unknown
PD_112,0.81542,0.34675,0.51082,23.37,59.62,1002.6,Pattern_D
U_259,0.47835,0.32763,0.39057,25.5,56.34,1008.74,Unknown
PA_094,0.23155,0.66223,0.37576,25.15,50.11,1010.62,Pattern_A
PD_109,0.82568,0.28971,0.53605,23.62,59.37,1008.58,Pattern_D
PD_171,0.77802,0.34166,0.41964,23.89,61.89,1007.67,Pattern_D
PC_097,0.54255,0.62188,0.15401,25.65,47.65,1015.14,Pattern_C
PD_097,0.75828,0.26331,0.54677,23.17,60.35,1007.7,Pattern_D
PA_154,0.37499,0.59775,0.36093,24.61,50.26,1010.97,Pattern_A
U_100,0.54443,0.39221,0.46537,25.1,55.17,1008.44,Unknown
U_298,0.36153,0.48346,0.52199,26.08,50.56,1005.96,Unknown
PC_190,0.49864,0.59976,0.23313,26.4,46.79,1014.91,Pattern_C
PB_281,0.65256,0.47781,0.81849,25.09,56.92,1009.95,Pattern_B
PC_104,0.61455,0.57488,0.37738,26.24,52.2,1012.85,Pattern_C
U_059,0.52167,0.50062,0.51654,25.81,52.29,1011.21,Unknown
PB_188,0.60999,0.37811,0.71943,24.9,56.76,1008.5,Pattern_B
PB_260,0.66102,0.24425,0.72271,24.26,52.76,1008.3,Pattern_B
PC_202,0.62873,0.5607,0.24589,25.97,45.15,1014.3,Pattern_C
PB_213,0.59359,0.4701,0.83606,24.11,54.98,1004.89,Pattern_B
PC_034,0.56616,0.59676,0.26085,25.66,44.51,1015.54,Pattern_C
PD_211,0.88818,0.45887,0.41762,23.76,60.42,1004.52,Pattern_D
U_272,0.49123,0.51547,0.39306,25.81,48.32,1009.79,Unknown
PC_191,0.50511,0.59272,0.27371,25.96,44.59,1015.45,Pattern_C
PA_117,0.17238,0.65736,0.32509,24.91,52.45,1011.56,Pattern_A
PC_141,0.53832,0.45971,0.27777,25.54,45.22,1013.06,Pattern_C
PD_182,0.77624,0.29816,0.53392,23.45,64.22,1004.24,Pattern_D
PC_231,0.55226,0.61273,0.17731,26.86,41.83,1015.76,Pattern_C
PA_120,0.28841,0.64097,0.28619,25.31,49.23,1010.16,Pattern_A
PC_057,0.58599,0.63053,0.28409,26.67,45.25,1014.45,Pattern_C
PC_036,0.53471,0.58018,0.24839,25.89,47.53,1013.68,Pattern_C
PB_070,0.63235,0.4209,0.76068,24.46,53.57,1005.33,Pattern_B
PA_269,0.28803,0.69505,0.39729,24.89,49.91,1012.14,Pattern_A
PC_056,0.46191,0.64909,0.30108,26.49,45.87,1015.38,Pattern_C
PD_036,0.83067,0.25501,0.53902,24.45,63.7,1004.3,Pattern_D
PC_223,0.61523,0.63486,0.25685,25.7,45.56,1011.99,Pattern_C
PC_267,0.52392,0.52384,0.244,25.9,45.56,1014.14,Pattern_C
PA_047,0.25803,0.64769,0.45147,25.12,51.06,1008.86,Pattern_A
U_091,0.44708,0.50691,0.37721,25.7,46.57,1009.59,Unknown
PD_092,0.82638,0.24224,0.64293,25.24,57.0,1006.25,Pattern_D
PC_277,0.54679,0.51931,0.19075,26.11,46.15,1016.63,Pattern_C
PC_174,0.49405,0.56065,0.37117,25.72,46.94,1014.97,Pattern_C
U_300,0.4804,0.52826,0.40149,24.78,55.16,1010.18,Unknown
PA_005,0.27644,0.69711,0.41194,25.16,50.91,1012.78,Pattern_A
PD_104,0.83855,0.28926,0.57425,23.03,61.68,1006.1,Pattern_D
U_102,0.41067,0.49548,0.50686,25.67,53.04,1008.32,Unknown
PA_264,0.17822,0.74247,0.45138,24.93,51.21,1010.73,Pattern_A
U_134,0.50343,0.48615,0.52002,26.06,54.67,1009.19,Unknown
U_243,0.48165,0.38968,0.42825,25.56,49.52,1007.19,Unknown
PB_144,0.6701,0.44924,0.6995,24.18,54.24,1005.43,Pattern_B
PD_103,0.82198,0.30305,0.52794,23.36,64.26,1002.28,Pattern_D
PD_178,0.76481,0.34913,0.58468,23.24,63.48,1005.26,Pattern_D
PC_238,0.49797,0.53218,0.25442,24.82,44.73,1014.69,Pattern_C
U_140,0.52635,0.36423,0.49212,24.88,52.61,1012.96,Unknown
PB_005,0.63162,0.4638,0.81163,25.2,53.07,1007.59,Pattern_B
PD_275,0.75661,0.30917,0.61429,24.13,62.6,1006.8,Pattern_D
PB_014,0.75839,0.3143,0.80349,25.14,54.0,1008.18,Pattern_B
PA_150,0.28285,0.78821,0.33944,24.61,51.05,1009.24,Pattern_A
PB_275,0.74083,0.39862,0.73472,24.94,53.82,1007.93,Pattern_B
PA_051,0.395,0.6203,0.43183,24.85,49.87,1010.1,Pattern_A
U_215,0.48466,0.55302,0.49294,25.34,50.53,1006.73,Unknown
PC_127,0.56642,0.57643,0.25313,26.88,45.78,1015.61,Pattern_C
PC_234,0.52274,0.54197,0.26452,25.87,43.47,1015.77,Pattern_C
PD_216,0.76635,0.32853,0.50608,24.08,60.9,1003.04,Pattern_D
PB_171,0.59526,0.43943,0.80056,24.04,55.02,1007.79,Pattern_B
PD_072,0.83309,0.46434,0.55653,23.56,59.56,1005.38,Pattern_D
PC_054,0.53218,0.62569,0.29938,25.86,42.58,1016.2,Pattern_C
PB_100,0.63119,0.34461,0.73349,24.42,53.58,1009.06,Pattern_B
PB_212,0.69411,0.44829,0.8846,24.12,56.89,1008.37,Pattern_B
PB_021,0.61984,0.48675,0.64471,25.01,54.88,1005.85,Pattern_B
PA_020,0.30397,0.68558,0.39396,25.01,53.52,1011.57,Pattern_A
PC_085,0.50066,0.65042,0.13488,26.57,48.23,1015.05,Pattern_C
PA_036,0.35037,0.63378,0.38184,24.78,49.28,1013.8,Pattern_A
PD_003,0.75057,0.36027,0.66165,23.06,63.35,1006.73,Pattern_D
PC_228,0.534,0.56827,0.24102,26.06,44.1,1013.0,Pattern_C
U_145,0.49807,0.42881,0.52554,25.01,53.39,1012.48,Unknown
PB_108,0.62656,0.46808,0.80916,25.67,54.17,1007.18,Pattern_B
PD_021,0.81731,0.34162,0.53164,24.18,61.65,1002.46,Pattern_D
PB_238,0.58862,0.30013,0.7753,24.23,52.99,1007.89,Pattern_B
PC_159,0.52752,0.54676,0.3397,25.7,43.49,1015.65,Pattern_C
PD_163,0.75523,0.30821,0.54036,23.86,58.1,1006.23,Pattern_D
PA_246,0.30602,0.79313,0.3792,23.98,49.58,1011.71,Pattern_A
PD_228,0.76348,0.38985,0.55877,23.52,66.12,1004.91,Pattern_D
PC_185,0.55989,0.6374,0.30533,25.84,43.23,1015.99,Pattern_C
PB_190,0.63846,0.24193,0.65398,25.14,54.12,1006.65,Pattern_B
PA_155,0.29086,0.84234,0.36982,25.19,49.49,1012.14,Pattern_A
PD_062,0.75321,0.40738,0.5737,23.87,64.65,1006.05,Pattern_D
PC_254,0.48107,0.64251,0.29027,25.36,44.28,1014.85,Pattern_C
PC_026,0.50449,0.55893,0.26932,26.34,44.5,1014.11,Pattern_C
PC_086,0.55073,0.6363,0.24143,26.25,43.22,1013.9,Pattern_C
PB_270,0.61918,0.42426,0.76691,24.92,55.3,1010.21,Pattern_B
U_227,0.46062,0.52948,0.49223,25.28,54.22,1011.99,Unknown
PA_018,0.28041,0.76794,0.32398,24.91,47.91,1011.39,Pattern_A
PA_128,0.3407,0.7614,0.40045,24.2,50.18,1011.0,Pattern_A
PD_028,0.80461,0.21394,0.53361,24.03,64.95,1002.82,Pattern_D
PD_081,0.84226,0.27646,0.57694,23.77,63.72,1007.8,Pattern_D
U_270,0.57674,0.44081,0.49469,24.94,51.62,1007.32,Unknown
PA_191,0.39453,0.56923,0.25991,24.76,50.03,1013.24,Pattern_A
PD_240,0.80198,0.30094,0.60085,23.57,65.04,1004.81,Pattern_D
PD_093,0.68055,0.32774,0.56759,23.86,59.99,1006.4,Pattern_D
U_264,0.4965,0.47888,0.49612,25.7,52.35,1005.12,Unknown
U_052,0.37891,0.41793,0.45507,25.15,54.13,1007.82,Unknown
PC_007,0.5055,0.68686,0.29424,25.39,41.58,1018.0,Pattern_C
PA_181,0.31341,0.71017,0.40596,25.03,50.24,1011.27,Pattern_A
PB_002,0.70624,0.41996,0.76238,24.93,50.7,1004.45,Pattern_B
PB_197,0.63687,0.41187,0.72339,25.53,54.8,1010.78,Pattern_B
U_115,0.41653,0.37405,0.46303,24.88,48.96,1011.12,Unknown
U_056,0.46256,0.42754,0.41011,26.2,52.93,1010.82,Unknown
U_038,0.51021,0.48303,0.5124,24.85,53.08,1009.4,Unknown
PB_218,0.72296,0.48842,0.75576,24.52,56.67,1008.24,Pattern_B
PD_170,0.69214,0.23408,0.66162,23.74,66.16,1004.83,Pattern_D
PB_177,0.67664,0.4282,0.73962,24.1,51.77,1009.14,Pattern_B
PA_158,0.32699,0.79802,0.39736,24.84,50.74,1006.72,Pattern_A
PD_296,0.7722,0.29474,0.55945,23.58,65.4,1007.49,Pattern_D
PA_017,0.22725,0.65518,0.40399,24.59,49.17,1014.34,Pattern_A
PD_173,0.76885,0.4,0.60044,23.89,63.98,1006.97,Pattern_D
PB_247,0.73286,0.28285,0.71402,24.32,58.84,1009.38,Pattern_B
PC_059,0.51695,0.59739,0.23638,27.07,44.85,1014.27,Pattern_C
U_027,0.48811,0.44653,0.41943,25.8,50.76,1009.27,Unknown
PD_120,0.80413,0.39439,0.50118,23.29,60.94,1004.21,Pattern_D
U_119,0.41794,0.30513,0.53572,25.38,51.64,1006.96,Unknown
PD_060,0.73202,0.31551,0.52913,23.72,62.71,998.86,Pattern_D
U_210,0.4647,0.49145,0.5446,25.25,49.54,1010.69,Unknown
PA_284,0.20443,0.73324,0.31232,24.78,50.31,1007.81,Pattern_A
PC_198,0.47324,0.62036,0.28408,25.3,42.1,1015.02,Pattern_C
PA_226,0.28609,0.75655,0.30249,25.16,54.21,1012.84,Pattern_A
PA_027,0.30717,0.78388,0.35004,24.47,47.88,1010.69,Pattern_A
PB_138,0.76455,0.43374,0.72688,24.43,57.98,1010.64,Pattern_B
U_258,0.39604,0.3854,0.45314,24.54,55.1,1010.66,Unknown
PA_230,0.29866,0.74369,0.41336,25.08,50.64,1014.65,Pattern_A
PA_038,0.30971,0.64951,0.38543,25.1,55.54,1015.38,Pattern_A
PC_150,0.53779,0.51075,0.25129,25.03,45.53,1014.1,Pattern_C
PD_146,0.80054,0.16815,0.61221,25.2,61.73,1004.79,Pattern_D
PB_170,0.6804,0.38521,0.67225,24.85,56.66,1009.52,Pattern_B
U_079,0.53094,0.60928,0.51258,26.06,54.28,1008.91,Unknown
U_273,0.41601,0.56303,0.43057,24.76,52.29,1009.26,Unknown
PC_088,0.465,0.62319,0.32481,25.96,47.22,1014.45,Pattern_C
U_179,0.46118,0.51333,0.52886,25.71,58.06,1011.11,Unknown
PC_040,0.59871,0.61832,0.31469,25.94,44.3,1014.69,Pattern_C
U_217,0.53416,0.60057,0.58928,25.86,52.08,1010.38,Unknown
U_019,0.43982,0.4518,0.44863,26.23,52.04,1010.32,Unknown
PD_259,0.85604,0.34984,0.68259,24.63,64.09,1006.27,Pattern_D
U_051,0.53149,0.32881,0.46671,25.48,52.51,1008.69,Unknown
U_240,0.44413,0.48465,0.513,25.8,52.55,1008.67,Unknown
PC_201,0.52139,0.63527,0.27914,26.44,43.98,1012.61,Pattern_C
PA_161,0.38893,0.72852,0.31986,24.95,49.92,1009.54,Pattern_A
PD_057,0.80487,0.34298,0.4731,24.31,63.68,1007.04,Pattern_D
PD_287,0.79069,0.2256,0.55839,23.17,63.34,1005.3,Pattern_D
PC_222,0.58578,0.62099,0.36974,26.48,46.5,1013.36,Pattern_C
U_071,0.52114,0.45267,0.49005,25.65,50.17,1010.01,Unknown
PC_278,0.54734,0.63455,0.22092,25.95,41.68,1011.39,Pattern_C
PD_014,0.82877,0.23593,0.62024,23.56,62.04,1007.55,Pattern_D
PA_153,0.33056,0.67956,0.43924,25.52,53.16,1012.95,Pattern_A
U_174,0.50259,0.48289,0.42928,25.05,52.88,1012.65,Unknown
PB_210,0.65519,0.34601,0.7335,24.29,53.52,1007.43,Pattern_B
PD_236,0.79923,0.26997,0.583,23.32,62.54,1005.08,Pattern_D
U_122,0.48081,0.41927,0.38274,26.28,50.82,1007.05,Unknown
PA_104,0.26623,0.81433,0.35356,25.01,50.59,1010.88,Pattern_A
PB_287,0.70456,0.41609,0.76075,24.8,53.4,1008.07,Pattern_B
U_129,0.43489,0.57349,0.50454,25.71,51.41,1011.19,Unknown
PD_244,0.90317,0.33109,0.57935,23.22,65.4,1005.14,Pattern_D
PA_054,0.35443,0.64341,0.42694,24.91,52.58,1013.35,Pattern_A
PA_152,0.2876,0.63699,0.3842,24.52,48.35,1012.71,Pattern_A
PB_104,0.71389,0.26874,0.64833,24.37,58.41,1007.22,Pattern_B
U_255,0.53259,0.51565,0.57866,25.2,52.7,1007.87,Unknown
PA_208,0.3926,0.68549,0.44269,25.03,49.09,1008.75,Pattern_A
U_218,0.43856,0.37587,0.43239,25.52,51.36,1007.36,Unknown
PD_223,0.76179,0.21096,0.61574,24.1,65.93,1006.81,Pattern_D
PA_009,0.33734,0.72439,0.39735,25.28,46.79,1011.42,Pattern_A
PD_115,0.72098,0.21079,0.62664,24.12,65.99,1003.77,Pattern_D
U_144,0.56369,0.55969,0.47551,25.07,54.81,1010.98,Unknown
PD_161,0.83916,0.42002,0.56448,23.82,60.85,1004.38,Pattern_D
PB_153,0.67589,0.34589,0.75152,24.53,55.25,1008.29,Pattern_B
PA_254,0.28267,0.59426,0.30392,23.76,49.48,1011.66,Pattern_A
PC_297,0.51928,0.57942,0.26495,26.45,47.7,1013.8,Pattern_C
U_109,0.39765,0.50839,0.53776,26.06,56.66,1006.95,Unknown
PC_281,0.43608,0.62489,0.22031,26.41,45.66,1015.68,Pattern_C
U_228,0.45527,0.4838,0.42749,25.1,52.27,1010.06,Unknown
PC_024,0.48299,0.56918,0.18475,25.66,41.24,1016.14,Pattern_C
PB_046,0.66118,0.32855,0.64134,24.38,55.12,1005.68,Pattern_B
U_087,0.55185,0.54287,0.49364,24.87,49.13,1010.31,Unknown
PA_263,0.31878,0.71916,0.29278,24.43,50.06,1013.85,Pattern_A
PA_151,0.32143,0.72667,0.37115,25.71,48.63,1015.71,Pattern_A
PB_173,0.73338,0.35528,0.7896,24.45,56.22,1008.42,Pattern_B
PC_041,0.44395,0.59428,0.29776,26.83,45.19,1010.8,Pattern_C
U_285,0.56937,0.48232,0.55996,24.6,50.9,1006.63,Unknown
U_211,0.45066,0.4795,0.4194,25.39,53.57,1011.09,Unknown
PB_251,0.71026,0.55402,0.81637,24.94,61.79,1008.93,Pattern_B
PD_029,0.77316,0.31274,0.63187,23.65,58.56,1006.12,Pattern_D
PB_189,0.60573,0.39974,0.71523,24.89,57.59,1009.9,Pattern_B
U_157,0.42227,0.51395,0.52726,26.18,53.25,1011.91,Unknown
PD_272,0.851,0.3128,0.56426,24.03,61.6,1008.02,Pattern_D
PA_147,0.29932,0.70564,0.37379,24.99,50.5,1013.71,Pattern_A
PB_103,0.58635,0.32631,0.8266,25.11,53.36,1006.86,Pattern_B
PD_055,0.78832,0.31269,0.47737,23.56,64.52,1002.6,Pattern_D
U_206,0.48437,0.48394,0.45789,25.42,52.68,1011.53,Unknown
PC_060,0.52143,0.46982,0.23441,26.44,43.62,1013.51,Pattern_C
PB_164,0.7056,0.35429,0.85027,24.2,56.1,1009.92,Pattern_B
PA_187,0.36235,0.69652,0.40112,24.56,50.99,1012.01,Pattern_A
PD_248,0.82374,0.27541,0.56652,23.87,61.72,1003.15,Pattern_D
U_025,0.51059,0.34927,0.57721,25.34,53.17,1011.12,Unknown
PC_009,0.59521,0.60336,0.36577,26.12,46.88,1016.29,Pattern_C
PA_144,0.19347,0.76333,0.32108,24.35,49.87,1012.15,Pattern_A
PC_152,0.56123,0.53448,0.22498,26.27,44.42,1014.7,Pattern_C
PD_082,0.80025,0.42837,0.63383,23.69,63.82,1008.07,Pattern_D
PA_198,0.25599,0.76114,0.37936,24.38,49.3,1012.66,Pattern_A
PC_284,0.55408,0.62583,0.23402,25.64,47.17,1017.14,Pattern_C
PA_280,0.28749,0.61502,0.43931,25.16,48.4,1011.49,Pattern_A
PA_294,0.24331,0.72458,0.30943,24.65,48.61,1010.1,Pattern_A
U_165,0.47312,0.39113,0.60548,25.02,53.45,1010.36,Unknown
PB_101,0.65547,0.48371,0.77687,24.19,53.09,1005.03,Pattern_B
PA_123,0.33018,0.7078,0.39669,25.07,51.71,1013.45,Pattern_A
U_008,0.50311,0.31779,0.4327,25.71,49.11,1010.77,Unknown
PA_203,0.28977,0.67362,0.2209,24.38,46.02,1007.95,Pattern_A
PC_236,0.56295,0.51739,0.19531,26.75,45.77,1014.25,Pattern_C
PA_247,0.41528,0.62529,0.35656,25.77,50.99,1013.01,Pattern_A
U_223,0.49592,0.4826,0.50602,25.24,52.72,1013.65,Unknown
U_209,0.40698,0.60064,0.56394,25.27,49.73,1010.91,Unknown
PD_254,0.7617,0.21522,0.66424,23.16,61.56,1006.88,Pattern_D
PB_085,0.70031,0.38794,0.87612,24.51,57.84,1008.47,Pattern_B
U_123,0.5294,0.42264,0.56541,25.17,50.81,1010.62,Unknown
PC_255,0.49192,0.69631,0.30879,26.62,45.58,1015.15,Pattern_C
PA_220,0.3311,0.83935,0.36782,25.17,46.73,1014.14,Pattern_A
PC_042,0.51483,0.77807,0.33198,25.64,46.3,1013.66,Pattern_C
PA_002,0.30703,0.69944,0.37899,24.62,51.93,1013.4,Pattern_A
PA_113,0.26074,0.63441,0.43015,25.16,55.24,1012.76,Pattern_A
PC_099,0.47998,0.73791,0.34019,26.37,46.27,1013.19,Pattern_C
U_232,0.51298,0.42352,0.5423,24.49,50.34,1008.52,Unknown
PD_052,0.8357,0.328,0.59,23.44,63.91,999.36,Pattern_D
U_118,0.53952,0.43611,0.45542,25.83,53.26,1007.46,Unknown
U_092,0.52698,0.51045,0.4221,24.97,50.48,1010.34,Unknown
U_154,0.40562,0.51909,0.51515,25.92,50.83,1008.57,Unknown
PB_142,0.77022,0.38661,0.77747,25.58,52.67,1004.58,Pattern_B
PD_237,0.75029,0.29642,0.58804,23.52,61.72,1003.19,Pattern_D
U_057,0.65142,0.49113,0.42186,25.41,49.86,1009.29,Unknown
PC_064,0.56094,0.65039,0.29964,25.88,44.21,1012.54,Pattern_C
U_173,0.49364,0.47509,0.49019,25.37,51.06,1010.42,Unknown
U_058,0.45786,0.43184,0.4164,26.22,52.66,1009.59,Unknown
U_132,0.47601,0.46554,0.4946,25.33,52.31,1008.84,Unknown
PB_018,0.71316,0.41155,0.79715,23.98,55.07,1008.27,Pattern_B
PC_049,0.50558,0.55282,0.20707,25.36,39.85,1013.1,Pattern_C
PC_110,0.47652,0.66377,0.17575,26.5,48.32,1014.33,Pattern_C
U_083,0.4174,0.51823,0.54908,25.93,50.66,1012.12,Unknown
PD_073,0.79113,0.24727,0.5695,22.91,64.04,1003.61,Pattern_D
PC_028,0.53667,0.63837,0.2761,26.53,47.03,1015.8,Pattern_C
PC_033,0.49939,0.64694,0.19137,25.92,41.35,1013.1,Pattern_C
U_107,0.40784,0.55167,0.51644,25.4,52.02,1005.71,Unknown
U_049,0.46844,0.45923,0.42007,25.41,49.22,1006.67,Unknown
U_262,0.50391,0.47856,0.46967,25.5,51.03,1011.73,Unknown
U_055,0.45113,0.56683,0.47241,25.69,53.31,1013.09,Unknown
U_184,0.45174,0.44142,0.56672,25.23,53.25,1010.57,Unknown
PC_196,0.531,0.42774,0.25957,26.29,44.48,1016.29,Pattern_C
PC_046,0.52096,0.53328,0.25059,25.45,42.19,1015.72,Pattern_C
PD_113,0.82375,0.31885,0.58477,22.63,66.52,1003.39,Pattern_D
PB_257,0.66642,0.45172,0.69526,23.77,54.23,1009.38,Pattern_B
PC_082,0.475,0.48844,0.25352,26.34,50.01,1015.11,Pattern_C
PB_278,0.60767,0.33022,0.78949,25.43,58.0,1004.59,Pattern_B
PD_210,0.80327,0.38937,0.55582,23.7,64.36,1001.74,Pattern_D
U_067,0.47924,0.39962,0.47627,25.92,52.56,1007.33,Unknown
PD_284,0.77061,0.32468,0.65435,23.2,63.25,1006.86,Pattern_D
PB_225,0.65812,0.4442,0.81014,24.45,58.91,1008.43,Pattern_B
PD_160,0.86558,0.28772,0.62843,24.13,64.52,1003.49,Pattern_D
PB_241,0.74125,0.36457,0.77557,24.62,56.07,1008.61,Pattern_B
PD_295,0.78117,0.35029,0.61979,23.88,58.99,1008.22,Pattern_D
PC_149,0.54352,0.57918,0.38557,25.59,43.38,1013.25,Pattern_C
U_187,0.50638,0.31178,0.62092,25.74,53.53,1009.74,Unknown
PB_185,0.65751,0.42268,0.82856,24.51,52.36,1008.98,Pattern_B
PA_096,0.22035,0.71558,0.39572,24.6,50.42,1009.38,Pattern_A
PD_121,0.88992,0.36511,0.63666,23.68,61.37,1002.39,Pattern_D
PB_264,0.62692,0.40192,0.77355,24.65,59.13,1006.8,Pattern_B
U_065,0.54141,0.44024,0.54294,25.06,49.39,1013.56,Unknown
PC_143,0.44607,0.6264,0.31539,27.11,43.63,1014.52,Pattern_C
PC_264,0.42426,0.55671,0.23986,25.96,44.87,1020.39,Pattern_C
PC_292,0.45475,0.69321,0.31025,25.99,43.76,1015.53,Pattern_C
PD_139,0.74354,0.29179,0.58062,24.19,61.78,1008.25,Pattern_D
PA_207,0.30146,0.75708,0.41709,25.7,52.81,1010.2,Pattern_A
PB_093,0.67795,0.43284,0.68889,23.52,55.33,1008.58,Pattern_B
PC_195,0.58631,0.62392,0.22065,26.48,41.7,1017.88,Pattern_C
PC_271,0.57091,0.47148,0.36123,26.18,47.22,1015.7,Pattern_C
PB_098,0.59569,0.38639,0.80104,24.22,51.46,1009.2,Pattern_B
PC_167,0.50022,0.62147,0.35083,26.85,46.63,1015.08,Pattern_C
U_177,0.51155,0.42185,0.51162,25.62,48.58,1010.45,Unknown
U_042,0.49161,0.55108,0.56802,25.5,46.86,1008.01,Unknown
PD_129,0.77633,0.43541,0.65957,22.97,61.31,1002.84,Pattern_D
PC_043,0.44554,0.57736,0.28549,25.16,42.47,1015.02,Pattern_C
PC_013,0.55119,0.47438,0.19834,26.89,42.7,1016.1,Pattern_C
PD_061,0.91262,0.33682,0.54426,24.67,61.24,1005.24,Pattern_D
PC_126,0.50902,0.52539,0.28534,25.34,42.74,1013.65,Pattern_C
PC_084,0.544,0.58572,0.3139,26.08,43.29,1018.33,Pattern_C
PA_099,0.31295,0.82472,0.30666,25.11,54.01,1009.03,Pattern_A
PC_205,0.56169,0.55772,0.25284,25.89,47.82,1011.6,Pattern_C
PB_107,0.62593,0.43797,0.81973,24.44,55.15,1009.03,Pattern_B
PB_203,0.65684,0.42771,0.81923,24.24,53.61,1009.9,Pattern_B
PD_172,0.83306,0.22631,0.65453,23.68,60.01,1005.35,Pattern_D
PD_157,0.80086,0.21145,0.65533,23.81,61.46,1003.48,Pattern_D
PD_030,0.84186,0.29463,0.60431,23.59,60.14,1006.85,Pattern_D
PC_180,0.53515,0.68586,0.30292,26.36,42.93,1013.03,Pattern_C
PA_201,0.22726,0.6884,0.40521,24.95,48.57,1010.79,Pattern_A
PA_135,0.3708,0.7915,0.37207,24.44,49.3,1012.39,Pattern_A
PD_152,0.6831,0.2775,0.65589,23.15,63.25,1007.2,Pattern_D
PA_041,0.25177,0.71387,0.27454,24.34,54.68,1009.68,Pattern_A
PD_118,0.7492,0.41325,0.59844,23.88,61.42,1009.4,Pattern_D
PA_231,0.36743,0.53364,0.36095,24.93,46.15,1012.17,Pattern_A
PB_079,0.57845,0.39039,0.78498,24.01,56.39,1009.64,Pattern_B
PA_289,0.30403,0.72244,0.37455,24.99,49.53,1009.4,Pattern_A
PB_119,0.72979,0.40004,0.72391,25.27,55.48,1009.45,Pattern_B
PB_092,0.6703,0.37503,0.85012,24.84,56.43,1009.12,Pattern_B
PB_293,0.73686,0.30923,0.81561,24.39,54.53,1008.74,Pattern_B
PD_263,0.71573,0.28124,0.66666,22.96,63.23,1005.96,Pattern_D
PD_187,0.7169,0.24261,0.60487,23.9,64.34,1006.36,Pattern_D
PC_048,0.5378,0.68033,0.23466,26.03,42.84,1014.26,Pattern_C
PD_253,0.81768,0.43898,0.48222,23.42,61.48,1004.25,Pattern_D
U_168,0.50735,0.41674,0.57678,25.34,49.53,1010.14,Unknown
PB_221,0.69835,0.43206,0.80126,24.75,55.53,1009.0,Pattern_B
PA_065,0.21193,0.66838,0.40638,25.24,50.61,1009.46,Pattern_A
PA_015,0.23423,0.75165,0.35184,25.01,51.06,1012.8,Pattern_A
PD_281,0.84751,0.36754,0.57189,24.19,63.91,1004.84,Pattern_D
PD_165,0.80815,0.43484,0.66913,23.12,60.82,1005.76,Pattern_D
PB_193,0.6638,0.25645,0.63231,24.04,56.17,1008.2,Pattern_B
PB_080,0.68698,0.22085,0.68331,25.35,53.8,1004.43,Pattern_B
PA_188,0.25876,0.70467,0.36895,24.88,53.9,1011.82,Pattern_A
PC_164,0.49376,0.64946,0.25881,26.36,45.33,1017.32,Pattern_C
PA_217,0.21334,0.67701,0.31055,24.57,50.12,1008.25,Pattern_A
PC_192,0.56143,0.52003,0.21696,25.21,46.91,1015.45,Pattern_C
PD_177,0.7871,0.31725,0.55748,24.21,64.84,1006.75,Pattern_D
PC_279,0.56074,0.55105,0.33235,26.5,43.64,1016.06,Pattern_C
PB_038,0.68715,0.41546,0.67999,23.84,56.24,1003.32,Pattern_B
PC_120,0.51842,0.59658,0.31678,25.76,42.92,1020.44,Pattern_C
PA_296,0.27517,0.72468,0.30228,25.77,52.46,1012.53,Pattern_A
PD_117,0.83451,0.24522,0.63991,23.78,61.29,1003.72,Pattern_D
U_076,0.3149,0.37059,0.49882,25.47,53.39,1009.01,Unknown
PB_156,0.61567,0.33537,0.86365,24.29,54.94,1007.27,Pattern_B
U_297,0.48326,0.48348,0.37932,25.23,53.01,1010.35,Unknown
PC_216,0.55077,0.50463,0.21387,25.62,43.12,1014.84,Pattern_C
PA_270,0.26271,0.75459,0.55485,24.2,50.71,1010.63,Pattern_A
PD_096,0.80406,0.31146,0.56801,23.78,64.87,1005.01,Pattern_D
PA_202,0.26082,0.66283,0.5169,25.13,51.95,1011.12,Pattern_A
PA_162,0.28593,0.67176,0.43546,25.02,49.38,1011.81,Pattern_A
PC_130,0.56816,0.45682,0.18917,25.94,43.96,1012.62,Pattern_C
PB_102,0.69599,0.39695,0.61767,24.26,53.02,1010.84,Pattern_B
PC_103,0.55046,0.59135,0.27279,26.62,47.66,1015.86,Pattern_C
PD_230,0.71577,0.37035,0.53379,23.76,59.28,1007.8,Pattern_D
PB_266,0.62095,0.30777,0.71226,24.03,56.28,1009.08,Pattern_B
U_214,0.40919,0.47193,0.48642,25.54,52.43,1012.05,Unknown
PD_122,0.823,0.33192,0.65716,23.71,61.69,1005.31,Pattern_D
PD_126,0.74471,0.24791,0.5092,23.71,65.88,1008.77,Pattern_D
U_212,0.43664,0.39406,0.50095,25.75,52.89,1009.08,Unknown
PD_205,0.74109,0.29256,0.61058,23.69,60.82,1003.82,Pattern_D
PA_206,0.26977,0.64702,0.30895,25.04,50.72,1010.57,Pattern_A
PA_035,0.18724,0.71683,0.32941,24.45,48.07,1011.4,Pattern_A
PC_176,0.46805,0.66447,0.30561,25.8,45.32,1014.85,Pattern_C
PB_209,0.72889,0.51253,0.81975,24.08,53.01,1007.86,Pattern_B
U_276,0.54786,0.50009,0.42863,25.26,56.25,1007.45,Unknown
U_191,0.54209,0.46796,0.42649,25.24,47.99,1011.7,Unknown
PA_092,0.31119,0.65445,0.42241,25.3,50.85,1013.0,Pattern_A
U_164,0.46925,0.58937,0.51393,24.77,52.92,1010.98,Unknown
PC_298,0.48323,0.62466,0.37165,26.52,42.25,1014.52,Pattern_C
PB_265,0.67596,0.4477,0.75859,24.27,51.59,1007.08,Pattern_B
U_170,0.4091,0.49654,0.43402,25.0,53.84,1010.95,Unknown
PC_177,0.47228,0.60458,0.24274,25.57,41.43,1014.35,Pattern_C
PA_242,0.42792,0.81857,0.36161,24.73,49.28,1012.92,Pattern_A
PA_014,0.33441,0.69989,0.40741,24.7,49.2,1011.31,Pattern_A
PB_016,0.73635,0.36909,0.69178,23.53,54.41,1006.95,Pattern_B
PC_001,0.57325,0.75716,0.19663,26.66,45.15,1016.45,Pattern_C
PB_088,0.74271,0.42076,0.617,24.73,50.12,1010.65,Pattern_B
U_098,0.46984,0.45473,0.43304,26.47,51.52,1011.07,Unknown
PA_167,0.34218,0.72788,0.38785,25.37,49.87,1010.69,Pattern_A
PC_241,0.5203,0.54642,0.30256,25.19,40.32,1017.47,Pattern_C
PA_021,0.24371,0.73165,0.3932,25.61,51.84,1012.64,Pattern_A
PC_047,0.45823,0.62077,0.20189,26.13,43.92,1017.53,Pattern_C
PD_255,0.77834,0.23634,0.49908,23.7,60.33,1005.37,Pattern_D
PC_232,0.54145,0.61792,0.25033,26.37,41.57,1014.88,Pattern_C
U_068,0.52683,0.46954,0.46747,25.84,51.63,1007.9,Unknown
PB_263,0.59875,0.38205,0.7595,24.23,56.38,1007.5,Pattern_B
U_261,0.55799,0.47296,0.56547,25.19,55.09,1010.49,Unknown
PC_087,0.58198,0.66335,0.23762,25.67,43.58,1016.32,Pattern_C
PD_058,0.81209,0.34249,0.61124,24.19,58.0,1002.3,Pattern_D
PA_190,0.29093,0.80375,0.3837,25.02,49.8,1012.01,Pattern_A
PD_076,0.8355,0.36975,0.61891,23.15,60.15,1004.51,Pattern_D
PC_100,0.59026,0.5452,0.297,25.26,40.51,1015.57,Pattern_C
PB_211,0.74481,0.43295,0.90831,24.58,54.36,1008.01,Pattern_B
PD_183,0.71979,0.2972,0.58708,22.91,61.91,1006.56,Pattern_D
PB_175,0.64345,0.35206,0.72594,24.22,56.73,1009.76,Pattern_B
PC_257,0.54274,0.62999,0.24512,26.21,44.6,1009.83,Pattern_C
PC_148,0.54371,0.61491,0.28355,25.71,48.73,1013.11,Pattern_C
PA_253,0.34926,0.59016,0.27906,25.09,48.43,1014.36,Pattern_A
PA_022,0.38048,0.64273,0.34161,24.58,49.14,1009.52,Pattern_A
U_138,0.52104,0.43793,0.44418,25.78,54.08,1011.65,Unknown
PB_160,0.73935,0.34216,0.79833,24.65,56.65,1009.57,Pattern_B
PD_285,0.76975,0.29107,0.60511,23.96,63.28,1006.01,Pattern_D
PA_277,0.32137,0.60561,0.42511,25.06,55.25,1010.02,Pattern_A
PD_056,0.66133,0.3021,0.66224,23.82,61.26,1001.65,Pattern_D
U_016,0.57766,0.41469,0.48841,25.67,50.11,1010.49,Unknown
PB_086,0.72545,0.43815,0.84213,24.53,56.09,1008.66,Pattern_B
PC_206,0.44764,0.47343,0.21475,25.63,41.45,1013.68,Pattern_C
U_238,0.46968,0.52305,0.43391,25.85,50.74,1007.87,Unknown
PB_044,0.64685,0.34896,0.67318,25.28,55.6,1008.68,Pattern_B
PC_170,0.48971,0.70783,0.11126,25.55,51.01,1016.06,Pattern_C
U_133,0.62612,0.37839,0.46492,25.27,56.49,1007.62,Unknown
PA_131,0.29718,0.71482,0.48785,25.4,50.03,1012.45,Pattern_A
PC_272,0.52269,0.5821,0.30203,25.86,46.91,1012.14,Pattern_C
PD_224,0.74734,0.23475,0.49789,24.46,60.29,1007.66,Pattern_D
U_197,0.38144,0.43943,0.50166,26.37,47.69,1009.83,Unknown
PA_088,0.37347,0.70756,0.46423,24.8,53.2,1012.24,Pattern_A
U_283,0.41193,0.51623,0.535,26.07,53.96,1012.34,Unknown
PB_031,0.68938,0.38357,0.76186,24.39,53.27,1007.48,Pattern_B
U_039,0.47084,0.53814,0.45683,26.11,55.18,1011.36,Unknown
PB_167,0.71082,0.40326,0.7944,24.21,54.43,1009.75,Pattern_B
PA_122,0.31554,0.76988,0.31159,24.5,50.99,1012.1,Pattern_A
PD_145,0.78284,0.22545,0.60573,24.31,61.83,1004.64,Pattern_D
PD_196,0.74121,0.38139,0.66925,23.28,60.99,1004.86,Pattern_D
PD_231,0.84352,0.29795,0.51075,24.49,61.19,1003.01,Pattern_D
U_095,0.55795,0.46753,0.53324,24.85,52.54,1009.89,Unknown
PC_261,0.51707,0.50379,0.37698,26.08,43.01,1013.74,Pattern_C
U_260,0.52751,0.43881,0.50331,26.05,51.24,1008.76,Unknown
PD_227,0.75504,0.22141,0.6841,24.5,63.94,1004.3,Pattern_D
